708,522,False,True,False,True,False,True,True,True,True,True
318,100,True,False,True,False,True,False,True,False,True,False
578,486,True,True,False,True,False,True,False,True,False,True
696,498,False,True,True,True,True,True,True,True,True,True
400,148,False,True,False,True,False,True,False,True,False,True
732,914,True,False,True,True,True,True,True,True,True,True
744,918,True,False,True,False,True,False,True,False,True,False
944,924,False,False,False,False,False,False,False,False,False,False
978,932,True,False,True,True,True,True,True,False,True,False
982,940,True,True,True,False,True,False,True,False,True,False
986,1018,False,True,False,True,False,True,False,True,False,True
1020,1246,True,False,True,False,True,False,True,False,True,False
984,968,True,True,True,True,True,True,True,True,True,True
1108,1518,True,False,True,False,True,False,True,False,True,False
1160,1536,True,False,True,False,True,False,True,False,True,False
2032,2258,False,False,True,False,True,False,True,False,True,False
1356,1994,False,True,False,True,False,True,False,True,False,True
1272,1642,True,False,True,False,True,False,True,False,True,False
1354,1732,True,False,True,False,True,False,True,False,True,False
2034,2354,False,True,False,True,False,True,False,True,False,True
2744,2692,True,True,True,True,True,True,True,True,True,True
2148,2542,True,False,True,False,True,False,True,False,True,False
2790,2698,True,True,True,True,True,True,True,True,True,True
2140,2500,False,True,False,True,False,True,False,True,False,True
2964,2706,False,False,False,True,False,True,False,True,False,True
3108,2820,True,False,True,False,True,False,True,False,True,False
3802,3482,True,True,True,False,True,False,False,False,False,False
2966,2712,True,True,True,False,True,False,True,False,True,False
3906,3676,True,False,True,False,True,False,True,False,True,False
3712,3236,False,True,False,True,False,True,False,True,False,True
4094,3800,True,False,True,False,True,False,True,False,True,False
3972,3778,True,False,True,False,True,False,True,False,True,False
4152,4102,True,False,True,False,True,False,True,False,True,False
4242,4374,True,False,True,True,True,True,True,True,True,True
3982,3794,True,False,True,False,True,False,True,False,True,False
4388,4386,True,False,True,False,True,False,True,False,True,False
5804,4884,True,True,True,True,True,True,True,False,True,False
5988,5098,True,False,True,False,True,False,True,False,True,False
5538,4422,True,False,True,False,True,False,True,False,True,False
5654,4510,True,False,True,False,True,False,True,False,True,False
6056,5252,False,True,False,True,False,True,False,True,False,True
6174,5320,True,True,False,True,False,True,False,True,False,True
6206,5564,False,False,True,False,True,False,True,False,True,False
6186,5540,False,True,False,True,False,True,False,True,False,True
6158,5286,True,False,True,True,True,True,True,True,True,True
6746,5788,True,False,True,True,True,True,False,True,False,True
7822,6062,True,False,True,False,True,False,True,False,True,False
8034,6306,False,True,False,True,False,True,False,True,False,True
6664,5572,False,True,True,True,True,True,True,True,True,True
7188,5856,True,False,True,False,True,False,True,False,True,False
8398,6950,True,True,True,False,True,False,True,False,True,False
8184,6756,True,False,True,False,True,False,True,False,True,False
8168,6632,False,True,False,True,False,True,False,True,False,True
8276,6882,True,True,True,True,True,True,True,False,True,False
8046,6340,True,True,True,True,True,True,True,True,True,True
8458,7132,True,False,True,False,True,False,False,False,False,False
8556,7584,False,True,False,True,False,True,False,True,False,True
8864,7596,True,True,True,True,True,True,True,True,True,True
8464,7138,False,True,False,True,False,True,False,True,False,True
9006,7602,True,True,False,True,False,True,False,True,False,True
9446,7908,True,False,True,True,True,True,True,True,True,True
9640,8174,True,True,True,True,True,True,True,True,True,True
9736,8436,True,False,True,True,True,True,True,True,True,True
9518,7914,False,True,False,True,False,True,False,True,False,True
9862,8450,False,True,False,True,False,True,False,True,False,True
9914,8838,True,True,True,True,True,True,True,False,True,False
10010,9216,True,False,True,False,True,False,True,False,True,False
9930,8894,False,True,False,True,False,True,True,True,True,True
9882,8632,False,True,False,True,False,True,False,True,False,True
9982,9152,False,False,False,False,False,False,False,True,False,True
10996,11098,False,True,False,True,False,True,False,True,False,True
10914,10816,False,False,True,True,True,True,True,True,True,True
10240,10012,True,True,True,True,True,True,False,True,False,True
10646,10052,False,True,False,True,False,True,False,True,False,True
10164,9804,False,True,True,True,True,True,True,False,True,False
11268,11114,True,True,True,True,True,True,True,False,True,False
11708,12390,False,False,False,False,False,False,False,False,False,False
11642,11546,True,False,True,False,True,False,True,False,True,False
11700,11730,True,True,True,True,True,True,True,True,True,True
11630,11270,False,True,False,True,False,True,False,True,False,True
12194,12548,True,False,True,False,True,False,True,False,True,False
11718,12476,True,True,True,True,True,True,True,True,True,True
13366,12616,True,False,True,False,True,False,True,False,True,False
13260,12612,True,True,True,True,True,True,True,True,True,True
12898,12610,True,False,True,False,True,False,True,False,True,False
14222,12886,True,True,True,True,True,True,True,True,True,True
13634,12618,False,True,False,True,False,True,False,True,False,True
14152,12704,True,False,True,False,True,False,True,False,True,False
14388,12888,False,True,False,True,False,True,False,True,False,True
14406,13140,False,True,False,True,False,True,False,True,False,True
14944,13500,True,True,True,True,True,True,True,True,True,True
15444,13686,True,False,True,False,True,False,True,False,True,False
14530,13220,True,True,True,True,True,True,True,True,True,True
15296,13684,True,False,True,False,True,False,True,False,True,False
15468,13792,True,True,True,True,True,True,True,True,True,True
15494,13978,True,False,True,False,True,False,True,False,True,False
15624,14112,False,True,False,True,False,True,False,True,False,True
15688,14124,False,True,True,True,True,True,True,False,True,False
15956,14254,False,True,False,True,False,True,False,True,False,True
15502,14096,False,True,False,True,False,True,False,True,False,True
16444,14404,True,True,True,True,True,True,True,True,True,True
16332,14362,True,True,True,True,True,True,True,True,True,True
16522,14698,True,False,True,False,True,False,True,False,True,False
16470,14586,False,True,False,True,False,True,False,True,False,True
16446,14448,False,True,False,True,False,True,False,True,False,True
17130,15110,True,False,True,False,True,False,True,False,True,False
16600,14772,True,False,True,False,True,False,True,False,True,False
16862,15026,False,False,False,True,False,True,False,True,False,True
16836,14912,False,True,False,True,False,True,False,True,False,True
17070,15066,False,True,False,True,False,True,False,True,False,True
17324,15192,False,False,False,False,False,False,False,False,False,False
17472,15524,True,True,True,True,True,True,False,True,False,True
17604,15582,False,False,False,False,False,False,False,False,False,False
17478,15538,False,False,True,True,True,True,True,True,True,True
17616,15604,True,True,True,True,True,True,True,True,True,True
17856,15610,True,True,True,False,True,False,True,False,True,False
18248,16174,False,True,False,True,False,True,False,True,False,True
17922,16092,False,True,False,True,False,True,False,True,False,True
17878,16074,False,True,True,False,True,False,True,False,True,False
17666,15606,False,True,False,True,False,True,False,True,False,True
19456,16350,False,True,False,True,False,True,False,True,False,True
18438,16344,True,True,True,False,True,False,True,False,True,False
19750,16530,False,True,False,True,False,True,False,True,False,True
19818,16540,False,True,False,True,False,True,False,True,False,True
18818,16348,True,False,False,False,False,False,False,False,False,False
19914,16816,True,True,True,True,True,True,True,True,True,True
19916,17024,False,True,False,True,False,True,False,True,False,True
20084,17152,False,True,False,True,False,True,False,False,False,False
19904,16610,False,True,False,True,False,True,False,True,False,True
19984,17028,True,False,False,False,False,False,False,False,False,False
20962,17294,False,False,True,True,True,True,True,True,True,True
20798,17254,False,False,False,True,False,True,False,True,False,True
20512,17158,True,True,True,False,True,False,True,False,True,False
20964,17608,True,False,True,False,True,False,True,False,True,False
20970,17630,False,True,False,True,False,True,False,True,False,True
21000,17746,False,True,True,False,True,False,True,False,True,False
21672,17782,False,True,False,True,False,True,False,True,False,True
20982,17728,True,False,True,False,True,False,True,False,True,False
22058,18168,True,False,True,False,True,False,True,False,True,False
20976,17690,True,False,True,False,True,False,True,False,True,False
22664,18586,True,True,True,True,True,True,True,True,True,True
22364,18364,True,True,True,True,True,True,True,True,True,True
23262,18816,False,True,False,True,False,True,False,True,False,True
22658,18532,False,False,False,True,False,True,False,False,False,False
23192,18806,False,True,False,True,False,True,False,True,False,True
23408,18854,True,True,True,False,True,False,True,False,True,False
23868,20312,False,True,False,True,False,True,False,True,False,True
23606,19728,False,True,False,True,False,True,False,True,False,True
23772,20196,False,True,False,True,False,True,False,True,False,True
23850,20248,True,False,True,True,True,True,True,True,True,True
24258,20788,False,True,False,True,False,True,False,True,False,True
24546,21428,False,True,False,True,False,True,True,True,True,True
23972,20718,False,True,False,True,False,True,False,True,False,True
24230,20720,False,True,False,True,False,True,False,True,False,True
24396,21352,False,True,False,True,False,True,False,True,False,True
24830,21546,False,True,False,True,False,True,False,True,False,True
25596,21588,False,False,True,False,True,False,True,False,True,False
25730,21636,True,False,True,False,True,False,True,False,True,False
25856,21716,True,False,True,True,True,True,True,True,True,True
25984,21996,True,True,False,True,False,True,False,True,False,True
26752,22440,False,False,True,False,True,False,False,False,False,False
26552,22030,True,False,True,True,True,True,True,True,True,True
26228,22014,False,False,False,False,False,False,False,False,False,False
26672,22124,False,True,False,True,False,True,False,True,False,True
26904,22450,True,False,True,False,True,False,True,False,True,False
27008,22462,False,True,False,True,False,True,False,True,False,True
28144,22692,True,False,True,False,True,False,True,False,True,False
28436,22822,False,True,False,True,False,True,False,True,False,True
27962,22582,True,False,True,False,True,False,True,False,True,False
27966,22590,True,False,True,False,True,False,True,False,True,False
29134,22864,True,False,True,False,True,False,True,False,True,False
29136,22888,True,False,False,False,False,False,False,False,False,False
29182,22898,False,True,False,True,False,True,False,True,False,True
29808,22916,False,False,False,False,False,False,False,False,False,False
28754,22850,True,False,True,False,True,False,True,False,True,False
30352,22992,True,True,False,True,False,True,False,True,False,True
29916,22924,False,True,False,True,False,True,False,True,False,True
30480,23240,False,True,False,True,False,True,False,True,False,True
30228,22930,False,True,False,True,False,True,False,True,False,True
30598,23244,False,False,False,True,False,True,False,True,False,True
30746,23282,True,False,True,False,True,False,True,False,True,False
31336,23296,True,False,True,False,True,False,True,False,True,False
31530,23516,True,False,True,True,True,True,True,False,True,False
31508,23422,False,True,False,True,False,True,False,True,False,True
31382,23352,True,True,False,True,False,True,False,True,False,True
31786,24016,True,False,True,False,True,False,True,False,True,False
32186,24422,False,False,False,True,False,True,False,True,False,True
31594,23968,False,True,True,True,True,True,True,True,True,True
31974,24030,True,False,True,False,True,False,True,False,True,False
31578,23580,False,True,False,True,False,True,False,True,False,True
32278,24658,True,True,True,False,True,False,True,False,True,False
32354,24868,False,True,False,True,False,True,False,True,False,True
32432,24988,False,True,False,True,False,True,False,True,False,True
32484,25120,True,False,False,False,False,False,False,False,False,False
32274,24616,True,False,True,False,True,False,True,False,True,False
33056,25762,True,False,True,False,True,False,True,False,True,False
33506,26080,False,True,True,True,True,True,True,True,True,True
33562,26222,True,True,True,True,True,True,True,True,True,True
34104,26264,True,True,True,True,True,True,True,True,True,True
33734,26236,True,True,True,False,True,False,True,False,True,False
34776,26678,True,True,True,True,True,True,True,True,True,True
34332,26528,True,False,True,True,True,True,True,True,True,True
35022,26822,True,False,True,False,True,False,True,False,True,False
34274,26320,True,True,True,True,True,True,True,True,True,True
34772,26540,True,False,True,True,True,True,True,True,True,True
35696,27372,True,True,True,True,True,True,True,True,True,True
35890,27608,False,False,False,True,False,True,False,True,False,True
35214,27216,False,True,True,True,True,True,True,True,True,True
35528,27280,True,False,True,False,True,False,True,False,True,False
35210,26984,False,True,False,True,False,True,False,True,False,True
36418,28146,True,False,True,True,True,True,True,True,True,True
36116,27880,False,True,False,True,False,True,False,True,False,True
36282,28038,False,False,False,False,False,False,False,False,False,False
36008,27862,True,True,True,True,True,True,True,True,True,True
36634,28346,True,False,True,False,True,False,True,False,True,False
36876,29240,True,True,True,True,True,True,True,True,True,True
36898,29242,True,True,True,True,True,True,False,True,False,True
36660,28366,False,True,False,False,False,False,False,False,False,False
36732,28368,True,True,False,True,False,True,False,True,False,True
37008,29330,False,True,False,False,False,False,False,False,False,False
37758,30078,False,False,False,False,False,False,False,False,False,False
37392,29874,False,True,False,True,False,True,False,True,False,True
37194,29512,True,True,True,True,True,True,True,False,True,False
37384,29668,True,False,True,False,True,False,True,False,True,False
37624,30076,False,True,False,True,False,True,False,False,False,False
38002,30176,True,True,True,True,True,True,False,True,False,True
38142,30268,False,True,True,False,True,False,False,False,False,False
38206,30326,True,False,True,True,True,True,True,False,True,False
38274,30686,True,True,True,False,True,False,True,False,True,False
37830,30172,True,False,False,False,False,False,False,False,False,False
38276,30732,True,True,False,True,False,True,False,True,False,True
38446,30744,True,True,True,True,True,True,True,True,True,True
38694,31130,True,False,False,False,False,False,True,False,True,False
38970,31168,False,True,True,True,True,True,True,True,True,True
39134,31174,True,False,True,True,True,True,True,False,True,False
40056,31266,False,False,False,True,False,True,False,True,False,True
39890,31220,True,False,False,False,False,False,False,False,False,False
40802,31602,True,False,True,False,True,False,True,False,True,False
40096,31342,False,True,False,True,False,True,False,True,False,True
41040,31606,True,True,True,False,True,False,True,False,True,False
41510,32362,False,False,False,True,False,True,False,True,False,True
42274,32374,False,True,True,True,True,True,True,True,True,True
41502,32078,False,True,False,True,False,True,False,True,False,True
41506,32352,False,False,False,True,False,True,False,True,False,True
41386,31984,False,True,False,True,False,True,False,True,False,True
43094,32840,True,True,True,True,True,True,True,True,True,True
44106,33254,True,True,True,True,True,True,True,True,True,True
42772,32778,False,True,True,True,True,True,True,False,True,False
43618,32998,True,False,True,False,True,False,True,False,True,False
43896,33206,True,True,True,True,True,True,True,True,True,True
44486,33284,True,True,False,True,False,True,False,False,False,False
44522,33326,True,False,True,False,True,False,True,False,True,False
44580,33574,True,False,True,False,True,False,False,False,False,False
44210,33276,False,True,True,True,True,True,True,True,True,True
44538,33366,True,True,True,True,True,True,True,False,True,False
44584,33704,True,False,True,False,True,False,True,True,True,True
44734,34156,False,False,False,False,False,False,False,False,False,False
44710,34020,False,False,False,False,False,False,False,False,False,False
44602,33926,True,False,True,False,True,False,True,False,True,False
44604,33936,True,False,True,False,True,False,True,False,True,False
45616,34614,False,False,False,True,False,True,True,True,True,True
45566,34540,True,False,True,True,True,True,False,True,False,True
45134,34286,True,False,True,False,True,False,True,False,True,False
45192,34420,False,False,True,False,True,False,True,False,True,False
44828,34260,True,False,True,False,True,False,True,False,True,False
46508,34624,False,True,False,True,False,True,False,True,False,True
46926,34706,True,True,True,False,True,False,True,False,True,False
46620,34630,False,True,False,True,False,True,False,True,False,True
47022,34994,False,False,False,False,False,False,False,False,False,False
46996,34768,True,False,True,False,True,False,True,False,True,False
47314,35240,True,True,True,True,True,True,True,True,True,True
47474,35760,True,False,True,False,True,False,True,False,True,False
47352,35716,True,True,False,True,False,True,False,True,False,True
47640,35774,True,False,True,False,True,False,True,False,True,False
47646,35902,False,True,False,True,False,True,False,True,False,True
47764,36598,False,True,False,True,False,True,False,True,False,True
47658,36040,True,True,False,True,False,True,False,True,False,True
47724,36434,False,False,True,True,True,True,True,True,True,True
47714,36312,True,False,True,False,True,False,True,False,True,False
47650,35908,True,False,True,False,True,False,True,False,True,False
48190,36852,False,True,False,True,False,True,False,True,False,True
48282,36862,True,True,True,True,True,True,True,True,True,True
48102,36666,True,False,True,False,True,False,True,False,True,False
48548,36920,True,True,True,True,True,True,True,True,True,True
47808,36662,True,True,True,True,True,True,True,True,True,True
49110,36992,True,True,True,True,True,True,True,True,True,True
48616,36932,True,False,True,False,True,False,True,False,True,False
49424,37180,True,False,True,False,True,False,True,False,True,False
49526,37212,True,True,True,False,True,False,True,False,True,False
49194,37116,True,True,True,True,True,True,True,False,True,False
49722,37312,True,False,True,True,True,True,True,True,True,True
49856,37738,True,False,True,True,True,True,True,True,True,True
49898,37782,False,True,False,True,False,True,False,True,False,True
50448,37814,False,True,True,True,True,True,True,True,True,True
49908,37812,False,True,False,True,False,True,False,True,False,True
50954,38022,False,False,False,False,False,False,False,False,False,False
50928,37962,True,True,True,True,True,True,False,True,False,True
50956,38110,False,True,False,True,False,True,False,True,False,True
50658,37834,True,False,True,False,True,False,True,False,True,False
50922,37958,True,False,True,False,True,False,True,False,True,False
50960,38112,False,True,False,True,False,True,False,True,False,True
50964,38116,False,True,False,True,False,True,False,True,False,True
50974,38120,False,True,False,True,False,True,False,True,False,True
51754,38130,True,True,False,False,False,False,False,False,False,False
51138,38124,False,True,False,True,False,True,False,True,False,True
52396,38316,True,True,True,True,True,True,True,True,True,True
52224,38268,True,True,True,True,True,True,True,True,True,True
52014,38136,False,True,False,True,False,True,False,True,False,True
52614,38506,False,True,True,True,True,True,True,True,True,True
52496,38412,True,True,False,True,False,True,False,True,False,True
53350,38786,True,True,True,True,True,True,False,True,False,True
53560,38836,True,True,True,True,True,True,False,True,False,True
53676,39264,True,False,True,False,True,False,True,False,True,False
53330,38538,True,False,True,True,True,True,True,True,True,True
53680,39354,True,False,True,False,True,False,True,False,True,False
55022,39820,True,False,True,True,True,True,False,True,False,True
53946,39482,False,False,False,True,False,True,False,True,False,True
53906,39380,False,True,False,True,False,True,False,True,False,True
54724,39696,False,True,False,True,False,True,True,True,True,True
55056,40174,True,False,True,False,True,False,True,False,True,False
55398,40590,True,True,True,True,True,True,True,True,True,True
55172,40212,True,True,True,True,True,True,True,True,True,True
55480,40898,True,True,False,True,False,True,True,True,True,True
55358,40242,False,True,False,True,False,True,False,True,False,True
55464,40600,True,False,True,False,True,False,True,False,True,False
56062,41532,True,True,True,True,True,True,True,False,True,False
55492,41060,True,False,True,False,True,False,False,True,False,True
55514,41404,True,False,True,False,True,False,True,False,True,False
55520,41420,True,False,True,True,True,True,True,False,True,False
56032,41482,False,True,False,True,False,True,False,True,False,True
56160,41906,True,True,True,True,True,True,True,True,True,True
56280,42698,False,True,False,True,False,True,False,False,False,False
56206,41958,False,True,False,False,False,False,False,False,False,False
56144,41534,True,False,True,False,True,False,True,False,True,False
56208,42476,True,False,True,False,True,False,True,False,True,False
56466,42748,True,True,True,True,True,True,True,True,True,True
56772,42814,True,False,True,False,True,False,True,False,True,False
56784,42816,True,True,False,True,False,True,False,True,False,True
56936,42874,True,False,True,False,True,False,True,False,True,False
56526,42764,True,False,True,False,True,False,True,False,True,False
57782,43704,True,True,True,True,True,True,True,True,True,True
58174,43914,True,False,True,False,True,False,True,False,True,False
57466,43476,True,True,False,True,False,True,False,False,False,False
57044,43020,False,False,True,False,True,False,False,False,False,False
57748,43620,True,True,True,False,True,False,True,False,True,False
58402,44258,True,False,True,False,True,False,True,False,True,False
58390,44212,False,True,False,True,False,True,False,True,False,True
58222,44000,True,True,True,True,True,True,True,True,True,True
58660,44272,True,True,True,True,True,True,True,True,True,True
58910,44418,True,True,True,True,True,True,True,True,True,True
59434,45050,True,False,True,False,True,False,True,False,True,False
59208,45028,False,True,False,True,False,True,False,True,False,True
59196,44936,True,False,True,False,True,False,True,False,True,False
59620,45068,False,True,False,True,False,True,False,True,False,True
59350,45046,True,False,True,False,True,False,True,False,True,False
59642,45080,True,False,True,True,True,True,False,True,False,True
59704,45202,False,True,False,True,False,True,False,True,False,True
