318,100,False,True,False,True,False,True,False,True,False,True
411,189,False,True,False,True,False,True,False,True,False,True
399,147,True,False,True,False,True,False,True,True,True,True
400,148,True,True,False,True,False,True,False,True,False,True
489,337,True,True,True,True,True,True,True,False,True,False
708,501,True,False,True,False,True,False,True,False,True,False
578,486,True,False,True,True,True,True,True,True,True,True
696,498,True,True,False,True,False,True,True,True,True,True
729,522,True,True,False,True,False,True,True,True,True,True
727,513,False,True,False,True,False,True,False,True,False,True
732,597,False,True,False,True,False,True,False,True,False,True
744,709,True,True,True,True,True,True,False,True,False,True
745,757,True,False,True,False,True,False,True,False,True,False
944,759,False,True,False,True,False,True,False,True,False,True
975,914,False,False,False,False,False,False,False,False,False,False
986,932,True,True,True,False,True,False,False,False,False,False
1020,940,False,True,False,True,False,True,False,True,False,True
978,918,False,True,False,True,False,True,False,False,False,False
982,921,True,False,True,False,True,False,True,False,True,False
984,924,False,True,True,True,True,True,False,False,False,False
1245,1061,False,False,False,False,False,False,True,True,True,True
1199,1025,True,True,True,False,True,False,True,False,True,False
1108,968,True,True,True,True,True,True,True,True,True,True
1109,1003,False,False,False,False,False,False,False,False,False,False
1160,1018,True,True,False,True,False,True,False,True,False,True
1247,1246,False,False,False,True,False,True,False,False,False,False
1251,1259,False,True,False,True,False,True,False,True,False,True
1269,1347,False,True,False,True,False,True,False,True,False,True
1272,1518,True,True,True,True,True,True,True,True,True,True
1333,1536,False,False,False,False,False,False,False,False,False,False
1359,2001,True,True,True,False,True,False,True,True,True,True
1356,1994,True,False,True,False,True,False,True,False,True,False
1335,1642,True,False,True,False,True,False,True,False,True,False
1341,1732,True,False,True,True,True,True,True,True,True,True
1354,1845,True,True,True,False,True,False,True,False,True,False
2032,2021,True,True,True,False,True,False,True,False,True,False
2140,2153,False,True,False,True,False,True,True,True,True,True
1361,2011,True,False,True,False,True,False,True,False,True,False
2119,2107,False,True,False,True,False,True,False,True,False,True
2034,2083,False,True,True,True,True,True,True,False,True,False
2148,2258,False,True,False,True,False,True,False,True,False,True
2535,2371,False,True,False,True,False,True,False,False,False,False
2537,2425,True,False,True,False,True,False,True,False,True,False
2319,2354,False,True,False,False,False,False,False,False,False,False
2665,2500,True,False,True,False,True,False,True,False,True,False
2744,2542,True,False,True,True,True,True,True,False,True,False
2790,2581,True,False,True,False,True,False,True,False,True,False
2833,2685,True,True,True,True,True,True,True,True,True,True
2966,2693,False,True,False,True,False,True,False,True,False,True
2964,2692,False,True,True,True,True,True,False,True,False,True
3719,2820,True,True,True,True,True,True,True,True,True,True
3108,2698,True,False,True,True,True,True,True,False,True,False
3501,2709,False,True,True,True,True,True,True,True,True,True
3712,2712,True,False,True,False,True,False,True,False,True,False
3145,2706,True,False,True,False,True,False,True,False,True,False
3802,2933,True,True,True,True,True,True,True,True,True,True
3906,3111,True,True,False,True,False,True,False,True,False,True
3972,3117,True,False,False,True,False,True,False,True,False,True
3867,3073,False,True,False,True,False,True,False,True,False,True
3982,3129,False,False,True,True,True,True,True,True,True,True
4094,3236,True,False,False,True,False,True,False,True,False,True
4388,3591,False,True,True,True,True,True,True,True,True,True
4152,3247,False,True,True,True,True,True,True,True,True,True
4242,3482,True,False,True,True,True,True,True,False,True,False
4227,3451,True,False,True,False,True,False,True,False,True,False
4711,3679,False,True,True,True,True,True,False,True,False,True
4779,3695,False,True,False,True,False,True,False,True,False,True
5009,3697,False,True,True,True,True,True,True,True,True,True
5013,3778,False,True,True,True,True,True,True,True,True,True
4699,3676,False,False,True,True,True,True,True,False,True,False
5471,3781,True,True,True,True,True,True,True,False,True,False
5804,3981,False,True,True,True,True,True,True,True,True,True
5988,4011,True,False,True,False,True,False,True,False,True,False
5538,3794,True,True,True,True,True,True,True,False,True,False
5654,3800,False,True,False,True,False,True,False,True,False,True
6056,4129,False,True,False,True,False,True,False,True,False,True
6105,4374,False,True,True,True,True,True,False,True,False,True
6174,4386,True,False,True,True,True,True,True,True,True,True
6031,4102,False,False,True,False,True,False,True,True,True,True
6158,4381,False,False,False,True,False,True,False,True,False,True
6206,4397,True,True,True,False,True,False,True,False,True,False
6186,4395,True,True,True,True,True,True,True,True,True,True
6249,4401,False,False,True,True,True,True,True,True,True,True
6651,4407,True,False,True,True,True,True,True,True,True,True
6664,4422,True,False,True,True,True,True,True,True,True,True
6746,4461,False,False,False,False,False,False,False,False,False,False
7177,4705,True,False,True,False,True,False,True,False,True,False
6961,4463,True,True,False,True,False,True,False,True,False,True
7037,4510,False,True,True,False,True,False,True,False,True,False
7188,4884,True,True,True,True,True,True,True,False,True,False
7525,5098,True,False,False,True,False,True,False,True,False,True
7783,5163,False,True,False,True,False,True,False,True,False,True
7719,5137,True,True,True,False,True,False,False,False,False,False
7807,5252,True,True,True,True,True,True,True,True,True,True
7597,5115,False,True,True,True,True,True,True,True,True,True
8053,5405,True,True,True,True,True,True,True,True,True,True
7822,5286,True,False,True,True,True,True,True,True,True,True
8034,5320,True,True,True,True,True,True,False,True,False,True
8119,5540,False,True,False,False,False,False,False,False,False,False
8046,5347,False,True,False,True,False,True,True,True,True,True
8398,5789,False,True,True,True,True,True,True,True,True,True
8184,5572,False,True,True,False,True,False,True,False,True,False
8458,5819,False,True,False,True,False,True,False,True,False,True
8168,5564,False,True,False,True,False,True,False,True,False,True
8276,5788,True,False,True,False,True,False,True,False,True,False
8751,6306,True,True,False,True,False,True,False,True,False,True
8515,6062,True,False,True,False,True,False,True,True,True,True
8556,6285,True,False,True,True,True,True,True,True,True,True
8864,6340,True,False,False,False,False,False,False,False,False,False
8464,5856,True,False,True,False,True,False,True,False,True,False
8977,6632,True,False,True,True,True,True,True,True,True,True
9077,6709,True,True,True,True,True,True,True,True,True,True
8869,6455,False,False,True,False,True,False,True,True,True,True
8967,6617,True,False,False,False,False,False,True,False,True,False
9006,6641,True,False,True,True,True,True,True,False,True,False
9446,6725,False,False,True,True,True,True,True,True,True,True
9640,6756,True,False,True,False,True,False,True,False,True,False
9736,6823,True,True,True,False,True,False,True,False,True,False
9518,6753,False,True,True,True,True,True,True,True,True,True
9862,6882,True,True,True,True,True,True,True,True,True,True
9937,7138,False,True,False,True,False,True,False,True,False,True
9914,7035,False,False,False,True,False,True,False,True,False,True
9877,6941,False,True,True,True,True,True,True,True,True,True
9930,7132,True,False,True,False,True,False,True,False,True,False
9882,6950,True,True,True,True,True,True,True,True,True,True
10010,7584,False,False,True,False,True,False,True,False,True,False
10240,7596,True,False,True,False,True,False,True,False,True,False
10164,7593,False,True,True,True,True,True,False,True,False,True
10255,7602,True,False,True,False,True,False,True,False,True,False
9982,7169,False,False,False,True,False,True,False,True,False,True
10996,7905,False,True,False,True,False,True,False,True,False,True
11268,7908,True,True,False,True,False,True,False,True,False,True
10914,7899,False,True,True,True,True,True,False,True,False,True
10646,7715,True,False,True,False,True,False,True,False,True,False
10817,7893,False,True,False,True,False,True,False,True,False,True
11281,7909,True,True,True,True,True,True,False,True,False,True
11625,7914,True,True,True,True,True,True,False,True,False,True
11642,8003,False,True,True,True,True,True,True,False,True,False
11649,8174,True,True,True,False,True,False,True,False,True,False
11630,7991,True,True,True,True,True,True,True,True,True,True
11708,8307,False,False,True,True,True,True,False,True,False,True
12194,8399,False,True,False,False,False,False,True,False,True,False
11700,8291,True,True,False,True,False,True,False,True,False,True
11718,8397,True,False,True,True,True,True,True,True,True,True
12339,8436,False,True,False,True,False,True,False,True,False,True
12763,8539,True,False,True,False,True,False,True,False,True,False
12883,8632,True,True,True,True,True,True,True,True,True,True
12703,8455,False,True,False,True,False,True,False,True,False,True
12877,8555,False,True,False,True,False,True,False,True,False,True
12487,8450,True,True,True,True,True,True,True,False,True,False
13277,8899,True,False,True,False,True,False,True,False,True,False
12889,8673,True,False,False,True,False,True,True,True,True,True
12901,8838,False,True,True,False,True,False,True,True,True,True
13260,8894,True,True,True,True,True,True,True,True,True,True
12898,8801,True,False,True,True,True,True,True,True,True,True
13351,8949,False,True,True,True,True,True,True,True,True,True
13697,9216,False,True,False,True,False,True,False,True,False,True
13699,9735,True,False,True,False,True,False,True,False,True,False
13366,9131,False,False,False,False,False,False,False,False,False,False
13634,9152,True,True,True,True,True,True,True,True,True,True
14222,9979,True,False,True,True,True,True,True,True,True,True
13765,9804,True,True,True,True,True,True,True,True,True,True
14152,9957,False,True,False,True,False,True,False,True,False,True
14077,9893,True,True,False,True,False,True,False,True,False,True
14233,9995,True,False,True,True,True,True,True,True,True,True
14355,10012,False,True,False,True,False,True,False,True,False,True
14385,10013,False,True,False,True,False,True,False,True,False,True
14388,10052,True,False,False,False,False,False,False,False,False,False
14399,10097,False,False,False,True,False,True,False,True,False,True
14406,10153,True,True,True,True,True,True,True,True,True,True
14879,11114,True,True,True,True,True,True,True,True,True,True
14530,10816,False,True,False,True,False,True,False,True,False,True
14549,10969,False,True,False,True,False,True,False,True,False,True
14859,11098,True,False,True,False,True,False,True,False,True,False
14515,10177,True,False,True,False,True,False,True,False,True,False
14944,11177,False,False,False,False,False,False,False,False,False,False
14945,11189,False,True,False,True,False,True,False,True,False,True
15043,11270,False,True,True,False,True,False,True,False,True,False
15021,11191,True,False,True,False,True,False,True,False,True,False
15089,11317,False,False,True,True,True,True,True,True,True,True
15435,11659,True,True,False,True,False,True,False,True,False,True
15444,11727,True,True,False,True,False,True,False,True,False,True
15193,11546,True,True,True,True,True,True,False,True,False,True
15296,11641,False,True,False,True,False,True,False,True,False,True
15468,11730,True,False,True,False,True,False,True,False,True,False
15494,11961,True,True,True,True,True,True,True,True,True,True
15624,11989,True,True,True,True,True,True,True,True,True,True
15647,11997,True,True,True,False,True,False,True,False,True,False
15551,11985,True,True,True,True,True,True,True,True,True,True
15502,11965,True,True,True,True,True,True,True,True,True,True
15937,12399,False,True,True,True,True,True,True,True,True,True
15688,11999,True,True,True,True,True,True,False,True,False,True
16157,12548,True,False,True,False,True,False,True,False,True,False
15793,12390,True,True,True,True,True,True,True,True,True,True
15956,12476,True,False,True,False,True,False,True,False,True,False
16444,12577,True,True,True,False,True,False,True,False,True,False
16332,12565,True,True,True,False,True,False,True,False,True,False
16522,12615,False,True,False,False,False,False,False,False,False,False
16470,12612,False,True,True,True,True,True,True,True,True,True
16446,12610,False,True,True,True,True,True,True,True,True,True
16600,12616,False,False,False,False,False,False,False,False,False,False
16767,12667,False,True,True,False,True,False,True,False,True,False
16862,12807,True,True,True,True,True,True,True,True,True,True
16601,12618,True,True,False,True,False,True,False,True,False,True
16836,12704,True,False,True,False,True,False,True,False,True,False
16913,12813,False,True,False,True,False,True,True,True,True,True
16911,12811,True,False,True,False,True,False,True,False,True,False
17070,12819,False,False,True,True,True,True,True,True,True,True
17127,12886,False,True,False,True,False,True,False,True,False,True
17129,12888,False,True,False,True,False,True,False,True,False,True
17130,12891,True,True,False,True,False,True,False,True,False,True
17324,13140,True,True,True,True,True,True,True,True,True,True
17457,13273,True,False,False,True,False,True,False,True,False,True
17157,13117,True,False,True,False,True,False,True,True,True,True
17337,13220,True,False,True,False,True,False,True,False,True,False
17472,13289,True,True,False,True,False,True,False,True,False,True
17527,13507,True,False,True,False,True,False,True,False,True,False
17589,13686,True,False,True,True,True,True,True,True,True,True
17478,13500,True,True,False,True,False,True,False,True,False,True
17573,13684,False,True,False,True,False,True,False,True,False,True
17613,13965,True,False,False,True,False,True,False,True,False,True
17619,13999,False,True,True,True,True,True,True,False,True,False
17604,13817,False,True,False,True,False,True,False,True,False,True
17593,13792,False,True,False,True,False,True,False,True,False,True
17616,13978,False,True,False,True,False,True,False,True,False,True
17856,14124,True,True,True,True,True,True,True,False,True,False
17851,14112,True,False,True,False,True,False,True,False,True,False
17679,14096,False,True,True,True,True,True,True,True,True,True
17645,14055,False,True,False,True,False,True,False,True,False,True
17666,14059,False,True,False,True,False,True,False,True,False,True
17857,14131,True,True,True,True,True,True,True,True,True,True
17922,14273,False,True,False,False,False,False,False,False,False,False
17941,14362,True,False,True,False,True,False,True,False,True,False
18239,14404,True,True,True,False,True,False,True,False,True,False
17878,14254,False,True,True,True,True,True,True,True,True,True
18248,14448,False,True,True,True,True,True,True,True,True,True
18709,14772,False,True,False,True,False,True,False,True,False,True
18385,14661,False,False,False,True,False,True,False,True,False,True
18438,14698,True,True,True,False,True,False,True,False,True,False
18365,14586,False,True,False,True,False,True,False,True,False,True
19456,14912,False,False,True,False,True,False,False,False,False,False
19691,14917,False,True,False,True,False,True,False,True,False,True
19039,14905,True,True,True,True,True,True,True,True,True,True
19731,15026,True,False,False,True,False,True,False,True,False,True
18818,14847,False,False,False,False,False,False,False,False,False,False
19911,15315,True,False,True,True,True,True,False,True,False,True
19749,15066,False,True,False,True,False,True,False,True,False,True
19750,15110,True,False,True,False,True,False,True,False,True,False
19904,15297,True,True,False,True,False,True,False,True,False,True
19818,15192,True,True,True,True,True,True,True,True,True,True
19914,15345,True,True,True,True,True,True,False,True,False,True
19916,15413,False,False,True,True,True,True,False,True,False,True
20084,15538,True,True,True,True,True,True,True,True,True,True
20512,15582,False,True,True,True,True,True,True,True,True,True
19984,15524,True,True,True,True,True,True,True,True,True,True
20962,15606,True,True,False,True,False,True,False,True,False,True
20798,15604,True,True,True,True,True,True,True,True,True,True
20735,15585,False,True,False,True,False,True,False,True,False,True
20964,15610,True,True,True,True,True,True,True,True,True,True
20970,15847,True,False,True,True,True,True,True,False,True,False
20981,16037,False,True,False,True,False,True,False,True,False,True
21000,16071,True,True,True,True,True,True,True,True,True,True
20973,15911,True,False,True,True,True,True,True,True,True,True
20982,16039,False,True,False,True,False,True,False,True,False,True
20976,15945,True,True,True,False,True,False,True,False,True,False
22145,16093,True,True,True,True,True,True,True,True,True,True
21672,16085,True,True,True,True,True,True,True,True,True,True
22051,16089,True,True,True,True,True,True,True,True,True,True
22058,16092,False,False,True,True,True,True,True,True,True,True
21527,16074,False,True,True,True,True,True,True,True,True,True
22573,16344,False,True,False,True,False,True,False,True,False,True
22517,16285,True,False,True,False,True,False,True,False,True,False
22364,16105,True,False,True,False,True,False,True,False,True,False
22651,16348,True,True,True,True,True,True,True,True,True,True
22441,16174,False,True,True,True,True,True,True,True,True,True
23163,16525,True,True,True,True,True,True,True,True,True,True
22664,16521,False,True,False,True,False,True,False,True,False,True
22658,16350,False,True,False,True,False,True,False,True,False,True
22679,16523,True,True,True,True,True,True,True,True,True,True
23192,16530,True,True,True,True,True,True,True,True,True,True
23408,16610,True,False,True,True,True,True,True,True,True,True
23221,16540,False,True,True,True,True,True,True,True,True,True
23606,16816,False,True,False,True,False,True,False,True,False,True
23262,16545,True,True,True,True,True,True,True,True,True,True
23265,16563,True,False,True,False,True,False,True,False,True,False
23799,17152,True,False,True,False,True,False,True,False,True,False
23677,17024,True,True,True,True,True,True,True,True,True,True
23649,16837,False,True,False,True,False,True,False,True,False,True
23772,17028,False,False,False,True,False,True,False,True,False,True
23777,17049,True,False,True,True,True,True,True,True,True,True
23868,17165,True,True,True,True,True,True,True,True,True,True
24187,17254,False,False,False,False,False,False,False,False,False,False
23972,17241,True,True,True,True,True,True,True,True,True,True
23850,17158,True,True,True,True,True,True,True,False,True,False
24230,17265,True,True,True,True,True,True,True,True,True,True
24367,17371,False,False,True,False,True,False,False,False,False,False
24258,17294,False,False,False,False,False,False,False,False,False,False
24546,17630,True,False,True,False,True,False,True,False,True,False
24397,17617,True,True,False,True,False,True,False,True,False,True
24396,17608,False,False,False,True,False,True,False,True,False,True
24830,17728,True,True,True,True,True,True,True,True,True,True
24645,17690,False,False,True,False,True,False,True,False,True,False
24765,17727,False,True,False,True,False,True,False,True,False,True
25335,17747,False,True,True,True,True,True,False,True,False,True
24913,17746,True,False,True,False,True,False,True,False,True,False
26115,18017,True,False,True,True,True,True,True,True,True,True
25596,17771,True,True,True,True,True,True,True,True,True,True
25730,17782,True,True,True,True,True,True,True,True,True,True
25856,17835,False,False,False,True,False,True,False,True,False,True
25984,17879,False,True,True,True,True,True,False,True,False,True
26487,18367,True,False,True,False,True,False,True,False,True,False
26228,18173,True,True,True,True,True,True,True,True,True,True
26279,18347,True,False,False,False,False,False,False,False,False,False
26209,18168,True,False,True,True,True,True,True,True,True,True
26281,18364,False,True,False,True,False,True,False,True,False,True
26552,18586,True,False,True,False,True,False,True,False,True,False
26633,18587,True,False,True,False,True,False,True,False,True,False
26672,18605,True,False,True,False,True,False,True,False,True,False
26541,18532,True,False,True,True,True,True,True,True,True,True
26551,18551,True,False,True,False,True,False,True,False,True,False
26751,18755,True,True,True,True,True,True,True,True,True,True
26752,18806,False,False,False,True,False,True,False,True,False,True
27008,18821,True,True,False,True,False,True,False,True,False,True
26941,18819,True,False,True,True,True,True,True,True,True,True
26904,18816,True,False,True,False,True,False,True,False,True,False
27121,18839,True,False,True,True,True,True,True,True,True,True
27595,19295,False,True,False,True,False,True,False,True,False,True
27157,18854,True,True,True,True,True,True,True,True,True,True
27199,19029,True,False,True,True,True,True,True,True,True,True
27429,19147,True,True,True,True,True,True,True,True,True,True
27905,19635,True,True,False,True,False,True,False,True,False,True
27869,19399,True,True,True,True,True,True,True,True,True,True
27962,19728,True,True,True,True,True,True,False,True,False,True
27966,19843,False,True,False,True,False,True,False,True,False,True
28073,20025,False,True,False,True,False,True,False,True,False,True
28144,20051,False,True,True,True,True,True,True,True,True,True
28436,20145,True,True,True,True,True,True,True,True,True,True
28754,20196,True,False,True,False,True,False,True,False,True,False
29057,20248,True,True,True,True,True,True,True,False,True,False
28249,20143,False,True,False,True,False,True,False,True,False,True
29134,20293,True,False,True,True,True,True,True,True,True,True
29136,20312,True,False,True,False,True,False,True,False,True,False
29182,20431,True,True,True,True,True,True,True,True,True,True
29435,20720,True,True,True,True,True,True,True,True,True,True
29249,20718,True,True,True,True,True,True,True,True,True,True
30352,21588,True,True,False,True,False,True,False,True,False,True
29916,21352,True,False,True,False,True,False,True,False,True,False
29808,20788,False,True,True,False,True,False,True,True,True,True
30228,21546,False,True,False,True,False,True,False,True,False,True
30083,21428,True,False,True,False,True,False,True,False,True,False
30405,21601,False,True,False,True,False,True,False,True,False,True
30475,21636,False,True,False,True,False,True,True,True,True,True
30427,21629,True,True,True,False,True,False,True,False,True,False
30480,21673,True,True,True,False,True,False,False,False,False,False
30597,21716,False,True,True,True,True,True,True,True,True,True
30746,21965,True,False,True,False,True,False,True,False,True,False
30641,21799,False,True,False,True,False,True,False,True,False,True
30598,21717,True,True,True,True,True,True,True,True,True,True
30667,21941,True,False,True,False,True,False,True,False,True,False
30767,21996,True,False,True,True,True,True,True,True,True,True
31336,22243,False,True,False,True,False,True,False,True,False,True
31337,22309,False,True,False,True,False,True,False,True,False,True
30961,22030,False,False,True,False,True,False,True,False,True,False
30855,22014,True,True,True,True,True,True,True,True,True,True
31239,22124,True,False,True,False,True,False,True,False,True,False
31508,22443,True,True,True,True,True,True,True,True,True,True
31501,22440,True,True,True,False,True,False,True,False,True,False
31382,22327,True,True,True,False,True,False,True,False,True,False
31497,22349,True,True,True,False,True,False,True,True,True,True
31509,22450,True,True,True,True,True,True,True,True,True,True
31530,22462,False,True,False,False,False,False,False,False,False,False
31583,22493,True,False,False,True,False,True,False,True,False,True
31594,22521,True,True,True,True,True,True,True,False,True,False
31599,22582,True,True,True,True,True,True,True,True,True,True
31578,22489,True,True,True,False,True,False,True,False,True,False
31715,22589,True,False,True,True,True,True,True,True,True,True
31786,22590,False,False,True,True,True,True,True,True,True,True
31974,22692,True,False,True,False,True,False,True,False,True,False
31689,22583,False,False,False,True,False,True,False,True,False,True
31813,22603,True,False,True,False,True,False,True,True,True,True
32278,22864,True,False,False,True,False,True,False,True,False,True
32309,22865,False,True,True,True,True,True,True,True,True,True
32155,22822,False,True,True,True,True,True,True,True,True,True
32186,22850,False,True,False,True,False,True,False,True,False,True
32274,22855,False,True,True,True,True,True,True,True,True,True
33056,22924,False,False,True,False,True,False,True,False,True,False
32354,22888,True,True,True,True,True,True,True,True,True,True
32432,22898,True,True,True,True,True,True,True,True,True,True
32709,22916,False,True,True,True,True,True,True,True,True,True
32484,22909,True,True,True,True,True,True,True,True,True,True
33197,22930,True,False,True,False,True,False,True,False,True,False
33506,23282,True,True,True,True,True,True,True,True,True,True
33215,22992,False,True,False,True,False,True,False,True,False,True
33295,23240,False,True,False,True,False,True,False,True,False,True
33349,23244,True,False,True,False,True,False,True,False,True,False
33517,23289,True,False,True,False,True,False,True,True,True,True
33562,23296,True,True,True,True,True,True,True,True,True,True
33613,23422,True,True,True,True,True,True,True,True,True,True
33581,23352,True,False,True,False,True,False,True,False,True,False
33734,23516,False,True,False,True,False,True,False,True,False,True
34332,23581,True,True,False,True,False,True,False,True,False,True
34274,23580,True,True,True,True,True,True,True,True,True,True
34104,23561,False,False,False,False,False,False,False,False,False,False
34167,23567,True,True,True,True,True,True,True,True,True,True
34485,23725,False,True,True,True,True,True,True,True,True,True
34776,23869,True,False,True,False,True,False,True,False,True,False
34989,23968,True,False,True,False,True,False,True,True,True,True
35022,24016,True,False,True,False,True,False,True,False,True,False
34859,23941,True,False,True,True,True,True,True,True,True,True
34772,23845,False,True,False,True,False,True,False,True,False,True
35389,24235,False,True,True,True,True,True,True,True,True,True
35083,24023,True,True,True,True,True,True,True,True,True,True
35214,24219,True,True,True,True,True,True,True,True,True,True
35210,24030,True,True,True,True,True,True,True,True,True,True
35225,24223,False,True,True,True,True,True,True,True,True,True
35397,24241,True,True,False,True,False,True,False,True,False,True
35411,24267,True,False,False,False,False,False,False,False,False,False
35537,24441,False,True,False,True,False,True,False,True,False,True
35696,24571,True,False,True,True,True,True,True,True,True,True
35528,24422,True,True,True,False,True,False,True,False,True,False
35825,24599,False,True,True,True,True,True,True,False,True,False
35890,24616,True,False,True,True,True,True,True,True,True,True
36116,24767,True,False,False,False,False,False,False,False,False,False
36259,24868,False,False,True,False,True,False,True,False,True,False
36008,24658,False,False,False,False,False,False,False,False,False,False
36337,24988,False,False,True,True,True,True,True,True,True,True
36418,25103,True,False,False,False,False,False,False,True,False,True
36527,25120,False,False,True,False,True,False,True,False,True,False
36631,25289,True,False,True,False,True,False,True,False,True,False
36282,24889,False,False,False,True,False,True,False,True,False,True
36685,25511,True,True,True,True,True,True,True,True,True,True
36876,25649,True,True,True,True,True,True,True,True,True,True
36660,25319,True,True,True,True,True,True,True,True,True,True
36732,25577,True,False,True,False,True,False,True,False,True,False
36634,25313,True,False,True,True,True,True,True,True,True,True
36898,25675,True,False,True,True,True,True,True,True,True,True
37008,25762,True,False,True,False,True,False,True,False,True,False
37115,25763,True,True,True,True,True,True,True,True,True,True
37235,25807,True,True,True,True,True,True,True,True,True,True
37194,25791,True,False,True,False,True,False,True,False,True,False
37758,26320,False,True,False,True,False,True,False,True,False,True
37392,26222,True,True,False,True,False,True,False,True,False,True
37711,26264,True,True,True,True,True,True,True,True,True,True
37384,26080,True,True,True,True,True,True,True,True,True,True
37624,26236,False,True,True,True,True,True,True,True,True,True
38002,26540,False,True,True,True,True,True,False,True,False,True
37769,26413,True,True,True,False,True,False,True,False,True,False
38003,26665,True,True,True,True,True,True,True,True,True,True
37830,26528,True,True,False,True,False,True,False,True,False,True
38125,26678,False,True,True,True,True,True,True,True,True,True
38276,27216,True,True,True,True,True,True,True,False,True,False
38142,26761,False,True,True,True,True,True,False,True,False,True
38206,26822,False,True,False,True,False,True,False,True,False,True
38274,27053,False,True,False,True,False,True,True,True,True,True
38251,26984,True,False,True,False,True,False,True,False,True,False
38446,27372,False,False,True,False,True,False,True,False,True,False
38469,27608,True,False,False,False,False,False,False,False,False,False
38333,27280,True,True,False,False,False,False,False,False,False,False
38449,27593,True,True,False,True,False,True,False,True,False,True
38487,27619,False,True,True,True,True,True,True,True,True,True
38694,27801,True,True,True,True,True,True,True,True,True,True
38671,27783,True,False,True,False,True,False,True,False,True,False
38733,27862,True,True,False,True,False,True,False,True,False,True
38953,27880,True,True,True,True,True,True,True,True,True,True
38555,27779,True,True,True,True,True,True,True,True,True,True
38970,28038,False,True,True,True,True,True,True,False,True,False
39653,28366,True,True,True,True,True,True,True,True,True,True
39134,28146,True,True,True,True,True,True,True,False,True,False
39463,28353,False,False,False,False,False,False,True,True,True,True
39243,28346,False,True,False,True,False,True,False,True,False,True
40056,29240,True,True,False,True,False,True,False,True,False,True
39890,28991,True,True,True,False,True,False,True,False,True,False
39831,28368,False,True,False,True,False,True,False,True,False,True
40099,29330,False,True,False,True,False,True,False,True,False,True
40096,29242,False,True,False,False,False,False,False,False,False,False
40233,29512,True,False,True,True,True,True,True,False,True,False
40802,29585,False,True,False,True,False,True,False,True,False,True
40857,29649,True,False,False,False,False,False,False,False,False,False
40813,29637,False,True,True,True,True,True,True,True,True,True
40107,29347,True,True,True,True,True,True,True,True,True,True
41489,29873,True,True,True,True,True,True,True,True,True,True
41487,29859,True,False,True,False,True,False,True,False,True,False
41040,29668,True,False,True,False,True,False,True,False,True,False
41386,29793,True,False,True,False,True,False,True,False,True,False
41483,29857,True,True,True,True,True,True,True,True,True,True
41510,29887,False,False,True,False,True,False,True,False,True,False
42249,30076,True,True,False,True,False,True,False,True,False,True
41949,29957,False,False,False,False,False,False,False,True,False,True
41502,29874,True,True,True,True,True,True,True,True,True,True
41506,29885,False,False,False,False,False,False,False,False,False,False
42907,30176,False,True,False,True,False,True,False,True,False,True
42274,30078,False,True,False,True,False,True,False,True,False,True
43079,30233,True,False,True,False,True,False,True,False,True,False
42493,30079,False,True,False,True,False,True,False,True,False,True
42772,30172,True,False,True,False,True,False,True,False,True,False
43094,30257,True,False,True,True,True,True,True,False,True,False
43183,30268,True,False,True,False,True,False,True,False,True,False
43397,30686,True,False,True,False,True,False,True,False,True,False
43189,30326,True,True,True,True,True,True,True,True,True,True
43267,30677,False,True,False,True,False,True,False,True,False,True
43745,30744,True,True,True,True,True,True,True,True,True,True
43793,30745,False,False,False,False,False,False,False,True,False,True
43579,30709,False,True,True,True,True,True,True,True,True,True
43618,30732,False,True,True,True,True,True,True,True,True,True
43896,30747,True,True,True,False,True,False,True,False,True,False
43969,31039,True,True,True,False,True,False,True,False,True,False
44106,31129,True,False,True,False,True,False,True,False,True,False
44210,31130,True,True,True,True,True,True,True,False,True,False
44363,31168,False,True,False,True,False,True,False,True,False,True
44403,31171,True,False,True,False,True,False,True,False,True,False
44486,31179,False,False,False,False,False,False,False,False,False,False
44522,31220,True,True,True,True,True,True,False,True,False,True
44538,31266,True,False,False,True,False,True,False,True,False,True
44559,31342,True,True,True,True,True,True,True,True,True,True
44465,31174,False,True,False,False,False,False,False,False,False,False
44571,31595,False,False,False,True,False,True,False,True,False,True
44584,31606,True,True,True,True,True,True,True,False,True,False
44580,31602,True,False,True,True,True,True,True,True,True,True
44583,31603,True,False,False,True,False,True,False,True,False,True
44599,31769,False,True,False,True,False,True,False,True,False,True
44734,31987,False,True,False,True,False,True,False,True,False,True
44710,31984,True,False,True,True,True,True,True,True,True,True
44602,31857,True,True,True,True,True,True,False,True,False,True
44601,31819,False,True,True,True,True,True,True,True,True,True
44604,31861,False,True,False,True,False,True,False,True,False,True
44939,32362,False,True,False,True,False,True,False,True,False,True
44889,32352,False,False,False,True,False,True,False,True,False,True
44825,32261,True,True,True,True,True,True,True,False,True,False
44751,32078,False,True,False,True,False,True,False,True,False,True
44828,32281,False,True,False,False,False,False,False,False,False,False
45085,32511,True,True,False,False,False,False,False,False,False,False
45099,32567,False,True,False,True,False,True,False,True,False,True
44941,32374,True,False,True,False,True,False,True,False,True,False
45134,32665,True,True,True,True,True,True,True,True,True,True
45192,32778,False,False,False,False,False,False,False,False,False,False
45201,32840,True,True,False,True,False,True,False,True,False,True
45616,32939,False,False,False,True,False,True,False,False,False,False
45566,32925,False,False,True,True,True,True,True,True,True,True
45615,32937,False,False,False,True,False,True,False,True,False,True
45635,32943,True,False,True,False,True,False,True,False,True,False
46507,32953,True,False,True,True,True,True,True,True,True,True
46508,32998,False,False,True,False,True,False,True,False,True,False
46533,33227,True,False,True,False,True,False,True,False,True,False
45921,32949,True,True,False,True,False,True,False,True,False,True
46513,33206,True,True,True,True,True,True,True,True,True,True
46926,33284,True,False,True,True,True,True,True,True,True,True
46620,33254,False,True,False,True,False,True,False,True,False,True
46659,33269,True,True,True,False,True,False,True,False,True,False
46839,33276,True,True,True,True,True,True,True,True,True,True
46996,33325,True,True,True,True,True,True,True,True,True,True
47314,33329,False,True,False,True,False,True,False,True,False,True
47474,33377,True,True,True,True,True,True,True,True,True,True
47352,33369,False,True,False,True,False,True,False,True,False,True
47022,33326,True,True,True,False,True,False,True,False,True,False
47337,33366,False,True,False,True,False,True,False,True,False,True
47597,33617,True,False,True,False,True,False,True,False,True,False
47637,33704,True,False,True,False,True,False,True,False,True,False
47641,33926,True,False,False,True,False,True,True,True,True,True
47475,33574,False,True,False,True,False,True,False,True,False,True
47640,33881,False,True,False,True,False,True,False,True,False,True
47647,33936,False,False,True,False,True,False,True,False,True,False
47703,34020,True,True,False,False,False,False,False,False,False,False
47658,34019,False,True,False,True,False,True,False,True,False,True
47646,33935,True,False,False,False,False,False,False,False,False,False
47650,33945,True,True,True,True,True,True,True,True,True,True
47764,34260,True,True,True,True,True,True,True,True,True,True
47789,34286,False,True,False,True,False,True,False,True,False,True
47724,34231,True,True,True,True,True,True,True,True,True,True
47793,34353,False,True,False,True,False,True,False,True,False,True
47714,34156,False,True,True,True,True,True,True,True,True,True
48055,34421,True,False,True,False,True,False,True,False,True,False
48087,34540,False,False,False,False,False,False,False,False,False,False
48102,34614,False,True,True,True,True,True,True,True,True,True
48115,34617,False,False,True,True,True,True,True,True,True,True
47808,34420,True,True,True,True,True,True,True,False,True,False
48190,34624,False,True,True,False,True,False,True,False,True,False
48291,34630,True,True,True,False,True,False,True,False,True,False
48282,34627,True,True,True,True,True,True,True,True,True,True
48509,34691,False,False,False,True,False,True,False,True,False,True
48435,34639,False,False,False,True,False,True,False,True,False,True
48525,34695,True,False,True,False,True,False,True,False,True,False
48616,34767,True,False,True,True,True,True,True,True,True,True
48669,34857,False,False,False,True,False,True,False,True,False,True
48548,34706,False,False,True,False,True,False,True,False,True,False
48625,34768,False,True,False,True,False,True,False,True,False,True
49110,34995,True,True,True,True,True,True,False,True,False,True
48785,34994,False,True,False,True,False,True,False,True,False,True
49273,35327,True,False,True,True,True,True,True,True,True,True
49424,35379,True,False,True,True,True,True,True,True,True,True
49194,35240,True,True,False,True,False,True,False,True,False,True
49545,35716,False,False,False,True,False,True,False,True,False,True
49722,35761,True,False,True,True,True,True,False,True,False,True
49526,35703,True,False,True,False,True,False,True,False,True,False
49441,35597,False,True,False,True,False,True,False,True,False,True
49627,35760,False,True,False,True,False,True,False,True,False,True
49856,35774,True,True,True,True,True,True,True,True,True,True
49898,35902,False,False,True,False,True,False,True,False,True,False
50023,35963,True,True,True,True,True,True,True,True,True,True
49908,35908,False,False,False,True,False,True,False,True,False,True
49925,35939,True,False,False,False,False,False,False,False,False,False
50319,36040,True,True,True,False,True,False,True,False,True,False
50448,36312,True,True,True,True,True,True,True,True,True,True
50031,36007,True,False,True,False,True,False,False,False,False,False
50459,36361,True,True,True,True,True,True,True,True,True,True
50605,36434,True,False,True,False,True,False,True,False,True,False
50651,36569,True,True,True,True,True,True,False,True,False,True
50659,36599,True,True,True,True,True,True,True,False,True,False
50658,36598,True,False,True,False,True,False,True,False,True,False
50809,36613,True,False,True,False,True,False,True,True,True,True
50922,36662,True,False,True,False,True,False,True,False,True,False
50954,36751,True,True,True,True,True,True,True,False,True,False
50960,36862,False,True,True,True,True,True,True,True,True,True
50928,36666,True,False,True,False,True,False,True,False,True,False
50956,36852,True,False,True,False,True,False,False,True,False,True
50964,36917,True,False,True,True,True,True,True,True,True,True
51165,37116,True,True,False,True,False,True,False,True,False,True
50974,36920,False,True,True,True,True,True,True,True,True,True
51141,36992,True,True,True,False,True,False,True,True,True,True
51138,36932,True,False,True,True,True,True,True,False,True,False
51147,37045,False,True,True,True,True,True,True,True,True,True
51581,37180,False,True,False,True,False,True,False,True,False,True
51387,37163,True,False,False,True,False,True,False,True,False,True
51681,37212,True,True,True,True,True,True,True,True,True,True
51577,37175,False,True,False,True,False,True,False,True,False,True
51723,37312,False,True,True,True,True,True,True,True,True,True
52175,37782,True,True,True,True,True,True,True,True,True,True
51737,37397,False,True,True,True,True,True,True,True,True,True
51754,37503,True,False,True,True,True,True,False,True,False,True
52014,37738,False,False,False,True,False,True,False,True,False,True
51901,37519,False,True,True,False,True,False,True,False,True,False
52193,37812,False,True,False,True,False,True,False,True,False,True
52395,37814,True,False,True,False,True,False,True,True,True,True
52396,37831,True,False,True,False,True,False,True,False,True,False
52224,37813,True,False,True,False,True,False,True,False,True,False
52496,37833,True,False,True,False,True,False,True,False,True,False
53345,38022,True,False,True,False,True,False,True,False,True,False
52615,37837,False,True,False,True,False,True,False,True,False,True
52614,37834,False,False,False,False,False,False,False,False,False,False
53330,37962,True,True,False,True,False,True,False,True,False,True
53133,37958,False,True,False,True,False,True,False,True,False,True
53350,38110,False,True,False,True,False,True,True,True,True,True
53395,38112,False,True,False,True,False,True,True,True,True,True
53560,38116,False,True,True,True,True,True,True,True,True,True
53676,38120,True,False,True,True,True,True,True,True,True,True
53680,38124,True,True,True,True,True,True,True,True,True,True
53946,38130,True,True,False,True,False,True,False,True,False,True
53906,38127,False,True,False,True,False,True,False,True,False,True
54139,38268,True,False,True,False,True,False,True,False,True,False
54447,38269,True,False,True,False,True,False,True,False,True,False
53977,38136,True,False,True,True,True,True,True,True,True,True
55022,38363,True,False,True,True,True,True,True,True,True,True
54724,38316,True,True,False,True,False,True,False,True,False,True
55172,38421,True,True,True,True,True,True,True,True,True,True
55056,38412,True,False,True,False,True,False,True,False,True,False
54697,38303,False,True,False,True,False,True,False,True,False,True
55185,38506,False,False,False,True,False,True,False,True,False,True
55398,38538,True,True,False,False,False,False,False,False,False,False
55480,38836,True,True,True,True,True,True,True,True,True,True
55358,38537,True,True,False,True,False,True,False,True,False,True
55464,38786,True,True,False,True,False,True,False,False,False,False
55492,38901,True,True,False,True,False,True,False,True,False,True
55514,39143,False,True,False,True,False,True,False,True,False,True
55520,39264,True,False,True,False,True,False,True,False,True,False
56032,39299,False,False,False,True,False,True,True,True,True,True
55887,39283,False,True,False,True,False,True,False,True,False,True
56062,39354,True,False,True,False,True,False,True,False,True,False
56160,39459,True,True,True,True,True,True,True,True,True,True
56206,39482,True,False,True,False,True,False,True,False,True,False
56144,39380,True,False,True,False,True,False,True,False,True,False
56208,39647,True,False,False,False,False,False,False,False,False,False
56466,39809,True,True,False,True,False,True,False,True,False,True
56247,39696,True,True,True,True,True,True,True,True,True,True
56280,39703,False,False,False,True,False,True,False,True,False,True
56459,39725,False,True,False,True,False,True,False,True,False,True
56526,39820,True,False,True,False,True,False,True,False,True,False
56769,40021,True,True,True,True,True,True,True,True,True,True
56772,40031,True,False,True,False,True,False,True,False,True,False
56784,40173,False,True,False,True,False,True,False,True,False,True
56936,40174,True,False,True,True,True,True,True,True,True,True
56755,40011,True,True,True,False,True,False,True,False,True,False
57167,40242,True,True,True,True,True,True,False,True,False,True
57044,40195,False,False,False,False,False,False,False,False,False,False
57379,40590,False,True,False,True,False,True,False,True,False,True
57387,40600,False,True,False,True,False,True,False,True,False,True
57105,40212,False,False,False,False,False,False,False,False,False,False
58121,41060,False,True,False,True,False,True,False,True,False,True
57782,41051,True,True,True,True,True,True,True,True,True,True
57466,40843,False,True,False,True,False,True,False,True,False,True
57733,40898,False,True,False,True,False,True,False,True,False,True
57748,41017,True,True,True,True,True,True,True,True,True,True
58174,41135,True,True,True,False,True,False,False,False,False,False
58402,41420,True,True,True,True,True,True,False,True,False,True
58390,41407,True,False,True,False,True,False,True,False,True,False
58222,41167,True,True,True,False,True,False,True,False,True,False
58225,41404,True,False,True,False,True,False,True,True,True,True
58571,41532,True,True,False,True,False,True,True,True,True,True
58491,41482,True,False,True,False,True,False,True,False,True,False
58649,41534,False,True,True,True,True,True,True,True,True,True
58660,41543,True,True,True,True,True,True,True,True,True,True
58665,41563,True,True,True,True,True,True,True,True,True,True
58945,41906,False,True,False,True,False,True,False,True,False,True
59208,42419,True,True,True,False,True,False,True,False,True,False
59029,41958,True,True,True,True,True,True,True,True,True,True
59196,42105,False,True,False,True,False,True,False,True,False,True
58910,41901,True,True,False,True,False,True,False,True,False,True
59434,42525,True,True,True,True,True,True,True,True,True,True
59607,42689,True,False,True,False,True,False,True,False,True,False
59620,42698,False,True,True,True,True,True,True,True,True,True
59331,42476,False,True,True,False,True,False,True,False,True,False
59350,42481,False,True,False,True,False,True,False,True,False,True
60087,42816,True,True,True,True,True,True,True,True,True,True
59642,42764,False,True,False,True,False,True,False,True,False,True
60283,42823,False,True,False,False,False,False,False,False,False,False
59641,42748,False,True,False,True,False,True,False,True,False,True
59704,42814,True,True,True,True,True,True,True,True,True,True
60329,42825,True,True,True,True,True,True,True,True,True,True
60347,42874,False,True,False,True,False,True,True,True,True,True
60343,42833,False,True,False,True,False,True,False,True,False,True
