12,True,True
13,True,True
14,False,False
15,False,False
16,True,True
17,True,False
0,True,True
1,False,False
18,True,True
19,False,False
2,False,True
3,True,False
4,True,False
5,True,True
6,True,True
7,True,True
8,False,True
9,False,True
10,True,False
11,True,False
24,False,False
25,True,True
20,True,False
21,True,True
22,True,True
23,False,True
26,False,False
27,False,True
28,True,False
29,True,True
30,True,False
31,True,False
32,True,True
33,False,False
34,True,True
35,True,True
36,False,True
37,True,False
38,True,True
39,True,False
40,True,False
41,True,True
42,False,False
43,True,False
44,False,False
45,True,False
46,False,False
47,False,True
48,True,False
49,False,True
