12,True,True
13,False,False
14,True,True
15,True,True
16,False,False
17,True,True
0,True,False
1,False,False
18,False,True
19,True,True
2,False,True
3,False,True
4,True,True
5,True,False
6,False,True
7,False,False
8,False,False
9,False,True
10,True,False
11,True,False
24,True,True
25,True,False
20,False,False
21,False,True
22,False,True
23,True,True
26,True,False
27,False,False
28,True,False
29,True,True
30,False,False
31,False,False
32,True,True
33,False,True
34,False,True
35,True,True
36,True,False
37,True,False
38,False,True
39,True,True
40,True,True
41,False,False
42,False,False
43,True,True
44,False,False
45,True,True
46,False,False
47,False,False
48,False,False
49,True,True
