12,True,True
13,True,True
14,False,False
15,False,False
16,True,True
17,False,False
0,False,True
1,False,False
18,True,True
19,True,False
2,False,False
3,True,True
4,True,True
5,False,False
6,True,True
7,True,True
8,False,False
9,False,False
10,True,True
11,True,True
24,True,True
25,True,True
20,False,False
21,False,False
22,True,True
23,True,True
26,False,False
27,False,True
28,True,False
29,True,True
30,True,False
31,True,False
32,False,True
33,True,True
34,True,True
35,True,True
36,True,True
37,False,False
38,False,True
39,True,False
40,True,True
41,False,False
42,True,True
43,False,False
44,True,True
45,True,True
46,False,True
47,False,False
48,True,True
49,True,False
