12,True,False
13,False,False
14,True,True
15,True,True
16,True,True
17,False,True
0,True,True
1,False,True
18,True,True
19,False,True
2,False,False
3,True,True
4,False,False
5,False,False
6,True,True
7,True,True
8,True,True
9,True,True
10,True,True
11,True,True
24,True,True
25,True,True
20,True,True
21,True,True
22,False,True
23,True,False
26,False,True
27,False,True
28,False,True
29,True,True
30,True,True
31,True,True
32,False,True
33,False,True
34,False,False
35,False,True
36,True,False
37,True,True
38,True,True
39,True,True
40,True,True
41,True,True
42,True,True
43,False,False
44,False,False
45,True,True
46,False,False
47,False,True
48,False,True
49,True,True
