12,True,True
13,True,True
14,True,True
15,True,True
16,True,True
17,True,True
0,True,True
1,True,True
18,True,True
19,False,True
2,True,True
3,True,True
4,False,False
5,True,True
6,False,True
7,True,True
8,True,True
9,True,True
10,False,False
11,True,True
24,True,True
25,True,True
20,True,True
21,True,True
22,True,True
23,False,False
26,False,True
27,False,True
28,False,False
29,True,False
30,True,True
31,True,True
32,False,False
33,False,True
34,False,False
35,False,True
36,True,True
37,False,True
38,False,False
39,True,True
40,True,True
41,True,True
42,True,True
43,False,True
44,True,True
45,True,True
46,False,False
47,False,True
48,True,True
49,True,True
