12,False,True
13,True,True
14,False,False
15,True,True
16,True,True
17,True,True
0,True,True
1,True,False
18,True,True
19,False,False
2,True,True
3,False,False
4,True,False
5,True,True
6,False,False
7,False,True
8,False,True
9,False,False
10,True,True
11,True,True
24,False,True
25,True,True
20,True,True
21,True,True
22,True,True
23,True,False
26,False,False
27,False,True
28,False,False
29,True,False
30,True,False
31,True,False
32,False,False
33,False,False
34,False,True
35,True,True
36,False,True
37,True,True
38,True,False
39,True,True
40,False,False
41,True,True
42,True,True
43,True,False
44,True,True
45,True,False
46,False,True
47,False,False
48,False,False
49,True,True
