12,True,True
13,True,True
14,False,False
15,False,False
16,True,True
17,True,True
0,False,True
1,True,True
18,False,True
19,True,True
2,True,True
3,False,True
4,True,True
5,False,False
6,False,True
7,False,False
8,False,False
9,False,False
10,True,True
11,True,True
24,False,False
25,True,False
20,False,False
21,False,True
22,True,True
23,True,True
26,False,False
27,False,True
28,True,True
29,True,True
30,True,False
31,False,True
32,False,False
33,True,True
34,False,True
35,True,True
36,True,True
37,True,True
38,False,True
39,False,True
40,True,True
41,True,False
42,False,False
43,True,False
44,True,True
45,True,False
46,False,False
47,False,False
48,True,True
49,True,True
