12,True,True
13,True,True
14,False,False
15,False,False
16,True,True
17,True,True
0,True,True
1,False,True
18,True,True
19,True,True
2,True,True
3,False,True
4,False,False
5,False,False
6,True,True
7,True,True
8,True,True
9,True,True
10,False,False
11,False,False
24,False,False
25,True,True
20,False,False
21,False,True
22,True,True
23,True,True
26,False,True
27,True,True
28,True,True
29,True,False
30,False,False
31,False,False
32,True,True
33,False,False
34,True,True
35,False,True
36,True,True
37,False,False
38,False,False
39,False,False
40,True,True
41,True,True
42,True,False
43,False,False
44,True,False
45,False,False
46,False,True
47,False,False
48,True,False
49,False,True
