12,True,False
13,False,False
14,False,False
15,True,True
16,True,True
17,True,True
0,False,True
1,True,True
18,True,True
19,False,False
2,True,False
3,True,True
4,False,False
5,True,True
6,False,True
7,False,False
8,False,True
9,False,True
10,True,True
11,True,True
24,True,True
25,True,True
20,True,True
21,True,True
22,False,True
23,False,True
26,True,True
27,False,True
28,False,False
29,True,False
30,False,True
31,False,True
32,False,True
33,True,False
34,True,False
35,True,True
36,True,True
37,False,True
38,False,False
39,True,True
40,True,True
41,False,False
42,True,True
43,False,False
44,True,True
45,True,True
46,False,False
47,False,False
48,True,True
49,True,True
