12,False,False
13,False,False
14,True,True
15,True,True
16,False,False
17,True,True
0,True,False
1,True,True
18,True,False
19,False,True
2,False,True
3,True,True
4,False,True
5,False,False
6,True,False
7,False,True
8,True,False
9,True,False
10,False,True
11,False,True
24,True,True
25,False,False
20,True,False
21,False,True
22,False,True
23,True,True
26,False,False
27,False,False
28,False,False
29,True,True
30,True,True
31,True,True
32,False,False
33,True,True
34,False,False
35,True,True
36,False,False
37,True,True
38,False,True
39,True,True
40,True,True
41,False,False
42,True,True
43,False,True
44,True,False
45,True,True
46,False,True
47,False,False
48,False,True
49,True,True
