12,True,True
13,True,True
14,False,False
15,False,True
16,True,False
17,False,True
0,True,True
1,False,False
18,True,False
19,False,True
2,True,False
3,False,False
4,True,True
5,False,False
6,True,False
7,False,False
8,False,True
9,True,True
10,True,True
11,True,False
24,True,True
25,True,True
20,True,True
21,False,True
22,True,False
23,True,False
26,False,False
27,False,True
28,False,True
29,True,True
30,True,False
31,True,False
32,False,True
33,True,False
34,False,True
35,False,True
36,True,True
37,True,True
38,True,False
39,False,True
40,True,True
41,True,False
42,True,True
43,True,True
44,True,True
45,False,False
46,False,True
47,False,True
48,True,True
49,False,True
