12,True,True
13,True,True
14,False,False
15,False,False
16,True,True
17,True,True
0,False,True
1,True,False
18,True,True
19,False,False
2,False,True
3,True,True
4,False,True
5,False,False
6,False,False
7,True,True
8,True,True
9,True,True
10,False,False
11,False,False
24,True,True
25,False,False
20,True,True
21,False,True
22,False,True
23,False,True
26,True,True
27,True,True
28,True,False
29,False,False
30,True,True
31,True,True
32,False,False
33,True,True
34,False,True
35,True,True
36,True,True
37,True,False
38,False,False
39,True,False
40,True,True
41,False,False
42,True,False
43,False,False
44,True,True
45,False,True
46,False,False
47,False,True
48,True,True
49,True,True
