12,True,True
13,True,True
14,True,False
15,False,False
16,False,True
17,True,False
0,False,False
1,True,True
18,True,True
19,False,True
2,True,True
3,False,True
4,True,True
5,False,False
6,True,True
7,False,True
8,False,True
9,False,True
10,True,False
11,True,False
24,False,False
25,False,False
20,False,False
21,True,True
22,True,True
23,True,True
26,True,True
27,False,True
28,True,True
29,True,True
30,True,False
31,False,False
32,False,True
33,False,True
34,False,True
35,False,True
36,False,False
37,False,False
38,False,True
39,False,False
40,True,True
41,False,False
42,False,True
43,True,False
44,False,False
45,True,False
46,False,True
47,False,False
48,False,True
49,True,False
