12,True,True
13,True,True
14,False,False
15,True,True
16,True,True
17,True,True
0,True,True
1,False,False
18,True,True
19,False,True
2,True,True
3,True,True
4,True,True
5,True,False
6,False,False
7,True,False
8,False,False
9,False,True
10,True,False
11,True,True
24,False,False
25,True,True
20,True,True
21,False,False
22,False,False
23,False,False
26,True,False
27,True,True
28,True,True
29,True,False
30,True,False
31,False,True
32,False,True
33,False,True
34,False,True
35,False,True
36,True,False
37,True,True
38,False,True
39,True,True
40,False,True
41,True,False
42,False,False
43,False,False
44,False,False
45,True,True
46,False,False
47,False,False
48,False,False
49,True,True
