12,False,False
13,False,False
14,True,True
15,True,True
16,False,False
17,True,True
0,True,True
1,True,False
18,True,True
19,False,True
2,False,True
3,False,False
4,True,True
5,True,False
6,False,True
7,False,False
8,True,True
9,True,True
10,False,False
11,True,False
24,True,True
25,True,False
20,True,False
21,False,True
22,False,True
23,True,True
26,False,True
27,False,True
28,False,False
29,True,False
30,True,True
31,True,True
32,False,True
33,True,False
34,False,False
35,False,True
36,True,True
37,True,True
38,True,True
39,False,True
40,True,True
41,False,False
42,True,True
43,True,True
44,True,False
45,False,True
46,False,True
47,False,True
48,False,True
49,True,True
