12,False,False
13,False,False
14,False,False
15,True,True
16,True,True
17,False,False
0,False,True
1,False,False
18,True,True
19,False,False
2,True,True
3,True,False
4,True,False
5,False,True
6,False,False
7,False,True
8,False,False
9,False,True
10,True,False
11,True,True
24,False,False
25,False,False
20,True,True
21,True,True
22,False,True
23,False,True
26,True,True
27,True,True
28,True,True
29,True,False
30,True,True
31,False,True
32,True,False
33,False,True
34,True,False
35,True,True
36,True,True
37,False,True
38,False,False
39,False,True
40,False,False
41,True,True
42,False,False
43,True,False
44,False,False
45,True,False
46,False,True
47,False,False
48,False,False
49,True,True
