12,False,True
13,False,False
14,True,True
15,True,True
16,False,True
17,True,True
0,False,False
1,False,False
18,True,True
19,True,False
2,True,True
3,True,True
4,True,True
5,False,False
6,True,True
7,True,True
8,True,False
9,True,True
10,False,False
11,False,False
24,True,True
25,False,False
20,True,True
21,True,True
22,False,False
23,False,False
26,True,False
27,False,True
28,True,False
29,True,False
30,True,False
31,True,False
32,True,False
33,True,True
34,False,True
35,False,True
36,True,True
37,False,False
38,False,True
39,True,False
40,False,False
41,False,False
42,False,False
43,False,False
44,False,True
45,True,True
46,False,False
47,False,True
48,True,True
49,True,True
