12,True,True
13,False,False
14,False,False
15,False,False
16,True,True
17,True,True
0,False,True
1,True,True
18,True,True
19,False,False
2,False,False
3,False,True
4,True,True
5,True,False
6,False,True
7,False,False
8,False,False
9,False,True
10,True,False
11,True,True
24,True,True
25,False,False
20,True,False
21,False,True
22,False,True
23,False,True
26,True,False
27,False,True
28,True,False
29,True,False
30,True,False
31,False,False
32,False,False
33,True,True
34,False,True
35,False,True
36,True,False
37,False,False
38,False,True
39,False,True
40,True,True
41,False,False
42,False,False
43,True,True
44,False,True
45,False,True
46,False,True
47,False,False
48,False,False
49,True,True
