12,True,True
13,True,True
14,False,False
15,False,False
16,True,True
17,True,False
0,True,True
1,False,False
18,True,True
19,False,True
2,True,True
3,True,False
4,True,False
5,False,False
6,False,False
7,True,True
8,False,True
9,False,True
10,True,False
11,True,False
24,False,False
25,False,True
20,False,False
21,True,True
22,False,False
23,True,True
26,True,False
27,False,True
28,True,True
29,True,False
30,False,False
31,False,False
32,True,True
33,False,True
34,True,True
35,False,True
36,True,True
37,False,False
38,False,False
39,False,False
40,True,False
41,True,True
42,False,False
43,False,False
44,False,False
45,True,False
46,False,False
47,False,False
48,False,True
49,True,False
