12,False,False
13,False,False
14,True,True
15,True,True
16,False,False
17,True,True
0,True,True
1,False,True
18,True,True
19,False,False
2,False,True
3,False,True
4,False,True
5,True,False
6,True,False
7,True,True
8,True,True
9,True,True
10,True,True
11,False,False
24,False,True
25,True,False
20,True,False
21,False,False
22,True,True
23,False,True
26,False,False
27,False,False
28,False,True
29,True,True
30,True,True
31,True,True
32,False,False
33,True,False
34,False,False
35,False,True
36,False,True
37,True,True
38,True,True
39,True,True
40,True,True
41,False,False
42,False,False
43,False,True
44,True,False
45,False,True
46,False,True
47,False,False
48,True,True
49,True,True
