12,True,True
13,False,False
14,False,False
15,True,True
16,True,True
17,True,True
0,False,True
1,True,True
18,False,True
19,False,False
2,True,True
3,True,True
4,True,True
5,True,True
6,True,True
7,False,True
8,False,True
9,False,True
10,True,True
11,True,True
24,True,True
25,True,True
20,True,True
21,True,True
22,False,True
23,False,False
26,False,True
27,False,True
28,True,True
29,True,False
30,False,False
31,False,True
32,True,True
33,False,True
34,False,True
35,True,True
36,False,True
37,False,True
38,False,False
39,True,True
40,True,True
41,True,True
42,True,True
43,True,True
44,False,False
45,True,True
46,False,True
47,False,True
48,False,True
49,True,True
