12,True,True
13,True,True
14,False,False
15,False,False
16,True,True
17,False,True
0,True,True
1,False,False
18,True,True
19,False,False
2,True,True
3,False,True
4,True,False
5,True,False
6,True,True
7,False,True
8,False,False
9,False,True
10,True,False
11,True,False
24,False,False
25,True,True
20,True,True
21,False,False
22,False,True
23,False,False
26,True,False
27,False,True
28,False,False
29,True,True
30,True,False
31,True,True
32,False,True
33,False,True
34,True,True
35,True,True
36,False,True
37,True,True
38,True,True
39,True,False
40,True,True
41,True,True
42,False,True
43,False,False
44,True,True
45,False,True
46,False,True
47,False,True
48,True,True
49,True,True
