12,True,True
13,False,False
14,True,True
15,True,True
16,True,True
17,True,True
0,False,False
1,True,True
18,True,True
19,False,True
2,True,True
3,False,False
4,True,True
5,True,False
6,False,True
7,False,True
8,False,False
9,False,True
10,True,True
11,True,True
24,True,True
25,False,True
20,False,False
21,True,False
22,True,True
23,True,True
26,False,False
27,True,True
28,True,False
29,False,True
30,False,True
31,False,True
32,False,False
33,False,False
34,True,True
35,True,True
36,True,True
37,False,True
38,False,True
39,False,True
40,True,True
41,False,False
42,False,False
43,True,True
44,False,False
45,False,True
46,False,False
47,False,False
48,True,True
49,False,False
