12,True,True
13,True,True
14,False,False
15,False,False
16,True,True
17,True,False
0,False,False
1,True,False
18,True,True
19,True,False
2,True,True
3,False,False
4,True,True
5,True,False
6,False,False
7,False,False
8,True,True
9,True,True
10,False,False
11,False,True
24,True,True
25,False,True
20,True,False
21,True,True
22,False,True
23,False,True
26,False,False
27,False,True
28,False,False
29,True,True
30,True,True
31,False,True
32,True,True
33,False,False
34,True,True
35,True,True
36,True,True
37,True,False
38,False,True
39,False,False
40,True,False
41,True,True
42,False,True
43,False,False
44,False,True
45,False,False
46,False,False
47,False,False
48,True,True
49,False,True
