12,False,False
13,True,True
14,True,True
15,True,True
16,False,False
17,True,True
0,True,True
1,True,True
18,False,True
19,False,True
2,True,True
3,True,True
4,True,True
5,False,False
6,False,False
7,False,False
8,False,False
9,False,False
10,True,True
11,True,True
24,False,True
25,False,False
20,False,False
21,False,False
22,False,True
23,True,True
26,True,False
27,False,True
28,True,False
29,True,True
30,True,False
31,False,True
32,False,False
33,True,True
34,False,False
35,False,True
36,True,False
37,False,True
38,False,True
39,False,True
40,True,True
41,False,False
42,False,False
43,True,True
44,False,False
45,True,True
46,False,False
47,False,False
48,False,True
49,True,True
