12,True,True
13,True,True
14,False,False
15,False,False
16,True,True
17,True,True
0,False,True
1,False,False
18,True,True
19,True,False
2,True,True
3,True,True
4,True,True
5,True,False
6,False,True
7,False,True
8,False,False
9,False,False
10,True,True
11,True,True
24,False,False
25,False,False
20,True,False
21,True,True
22,True,True
23,True,True
26,True,False
27,True,True
28,True,False
29,True,True
30,True,True
31,False,True
32,False,False
33,False,False
34,False,True
35,False,True
36,False,False
37,False,True
38,False,True
39,False,True
40,False,True
41,False,True
42,False,False
43,True,False
44,False,True
45,True,True
46,False,True
47,False,True
48,False,True
49,True,True
