12,True,True
13,True,True
14,False,False
15,False,False
16,False,False
17,True,True
0,False,True
1,False,True
18,True,True
19,False,False
2,True,True
3,True,True
4,True,True
5,True,False
6,True,True
7,False,True
8,False,False
9,False,False
10,True,True
11,True,True
24,False,False
25,True,True
20,True,False
21,False,False
22,True,True
23,True,True
26,True,False
27,False,True
28,True,False
29,True,True
30,False,False
31,False,True
32,False,False
33,True,True
34,False,True
35,False,True
36,False,False
37,True,True
38,False,True
39,False,False
40,False,False
41,True,True
42,False,False
43,True,False
44,False,False
45,True,True
46,False,True
47,False,True
48,True,True
49,True,False
