12,True,True
13,True,True
14,False,False
15,True,True
16,False,False
17,True,True
0,True,True
1,True,False
18,False,False
19,True,False
2,False,True
3,False,True
4,True,True
5,True,False
6,True,True
7,True,True
8,True,True
9,True,True
10,True,True
11,True,False
24,False,False
25,True,False
20,False,True
21,True,True
22,True,True
23,True,False
26,False,False
27,False,True
28,False,False
29,True,True
30,True,True
31,True,True
32,False,False
33,False,False
34,False,False
35,False,False
36,True,True
37,True,True
38,True,False
39,False,True
40,True,True
41,True,True
42,True,True
43,True,False
44,True,True
45,False,True
46,False,True
47,False,False
48,False,True
49,True,True
