12,False,False
13,False,False
14,True,True
15,True,True
16,False,False
17,True,True
0,False,True
1,True,True
18,True,False
19,True,True
2,True,True
3,False,True
4,True,True
5,True,False
6,False,False
7,False,False
8,False,True
9,False,False
10,True,True
11,False,False
24,True,True
25,True,True
20,True,True
21,True,True
22,False,True
23,False,False
26,False,False
27,False,True
28,True,False
29,True,False
30,True,True
31,True,True
32,True,False
33,False,False
34,True,True
35,True,True
36,False,True
37,True,True
38,False,False
39,False,True
40,True,True
41,False,False
42,True,True
43,True,True
44,True,True
45,True,True
46,False,True
47,False,False
48,True,True
49,False,True
