12,True,True
13,True,True
14,False,False
15,False,False
16,True,True
17,True,False
0,True,True
1,True,True
18,False,True
19,True,False
2,False,True
3,True,True
4,True,False
5,False,False
6,True,True
7,True,True
8,False,False
9,False,True
10,True,True
11,True,False
24,True,False
25,False,True
20,False,False
21,True,True
22,False,True
23,True,True
26,True,False
27,True,True
28,True,False
29,False,True
30,False,True
31,False,True
32,True,False
33,False,False
34,True,True
35,True,True
36,True,True
37,False,False
38,False,True
39,False,False
40,True,True
41,True,True
42,True,True
43,True,False
44,False,True
45,True,True
46,False,True
47,False,False
48,True,True
49,True,True
