12,False,False
13,False,False
14,True,True
15,True,True
16,False,False
17,True,True
0,True,True
1,True,False
18,True,True
19,False,True
2,False,False
3,False,False
4,False,False
5,False,True
6,True,True
7,True,True
8,False,True
9,False,True
10,True,True
11,True,True
24,True,True
25,True,True
20,True,False
21,False,True
22,False,True
23,False,True
26,False,True
27,False,True
28,False,True
29,False,True
30,True,True
31,True,True
32,False,False
33,True,True
34,False,True
35,False,True
36,True,True
37,False,True
38,True,False
39,True,True
40,True,False
41,False,False
42,True,True
43,False,False
44,True,True
45,True,True
46,False,False
47,False,True
48,True,False
49,True,True
