12,True,False
13,True,True
14,False,True
15,False,True
16,True,True
17,False,False
0,True,True
1,False,False
18,True,True
19,False,False
2,False,False
3,False,True
4,True,False
5,True,False
6,True,True
7,True,True
8,True,True
9,True,True
10,False,False
11,False,False
24,True,True
25,False,False
20,True,True
21,True,True
22,True,True
23,True,False
26,True,True
27,True,True
28,True,True
29,True,False
30,True,True
31,False,False
32,True,True
33,False,False
34,False,False
35,False,True
36,False,True
37,False,False
38,False,False
39,False,False
40,True,True
41,True,True
42,True,True
43,False,False
44,True,True
45,False,False
46,False,True
47,False,False
48,True,True
49,True,True
