12,True,True
13,True,True
14,False,False
15,False,False
16,True,True
17,False,False
0,False,True
1,True,True
18,False,True
19,False,True
2,True,True
3,False,True
4,False,True
5,True,True
6,False,False
7,False,True
8,False,True
9,False,True
10,True,True
11,True,True
24,True,True
25,True,True
20,True,True
21,False,True
22,True,True
23,False,False
26,False,True
27,False,True
28,False,False
29,True,False
30,True,True
31,False,False
32,True,True
33,True,False
34,False,True
35,False,True
36,True,True
37,True,True
38,True,False
39,True,True
40,True,True
41,True,True
42,True,True
43,True,True
44,False,False
45,False,False
46,False,True
47,False,False
48,True,True
49,True,True
