12,False,True
13,True,True
14,False,False
15,True,False
16,False,False
17,True,True
0,False,False
1,False,True
18,False,True
19,True,True
2,False,False
3,True,False
4,False,False
5,False,False
6,False,False
7,False,False
8,True,True
9,True,True
10,False,False
11,False,False
24,False,False
25,True,True
20,False,True
21,False,True
22,True,True
23,True,True
26,False,True
27,False,True
28,False,True
29,True,False
30,True,False
31,True,False
32,False,True
33,True,False
34,True,False
35,False,False
36,False,True
37,True,False
38,True,False
39,True,False
40,True,True
41,True,True
42,True,True
43,False,False
44,True,True
45,False,False
46,False,True
47,False,False
48,False,False
49,True,True
