12,True,True
13,False,True
14,True,False
15,False,False
16,True,True
17,True,True
0,False,False
1,True,True
18,False,True
19,True,False
2,True,True
3,True,True
4,True,True
5,False,False
6,True,True
7,False,True
8,False,False
9,False,False
10,True,True
11,True,True
24,False,False
25,False,False
20,True,False
21,True,True
22,False,True
23,False,True
26,True,False
27,False,True
28,True,False
29,True,False
30,True,False
31,False,True
32,True,False
33,False,True
34,False,True
35,False,True
36,True,False
37,False,False
38,False,True
39,False,False
40,True,True
41,True,True
42,False,False
43,True,False
44,False,True
45,True,True
46,False,True
47,False,False
48,True,True
49,False,True
