12,True,True
13,True,True
14,False,False
15,True,True
16,True,False
17,False,False
0,False,True
1,True,True
18,True,True
19,False,False
2,False,False
3,True,True
4,True,False
5,False,False
6,True,True
7,False,True
8,True,True
9,False,True
10,True,False
11,True,False
24,False,False
25,True,True
20,True,True
21,True,True
22,True,True
23,True,True
26,False,True
27,False,True
28,False,True
29,True,False
30,True,True
31,False,False
32,False,True
33,False,False
34,False,True
35,False,True
36,True,True
37,True,True
38,False,False
39,True,False
40,True,True
41,True,True
42,True,True
43,False,False
44,True,True
45,True,False
46,False,True
47,False,False
48,False,True
49,True,True
