12,True,True
13,True,True
14,False,False
15,False,False
16,True,True
17,False,False
0,False,False
1,True,False
18,True,True
19,False,False
2,False,False
3,True,True
4,False,False
5,True,True
6,True,True
7,False,True
8,True,True
9,True,True
10,False,False
11,False,False
24,True,True
25,False,False
20,True,False
21,True,True
22,False,True
23,False,False
26,True,True
27,True,True
28,True,True
29,False,True
30,False,False
31,False,False
32,False,True
33,False,False
34,True,True
35,False,True
36,False,True
37,True,False
38,False,True
39,False,True
40,True,False
41,True,True
42,False,True
43,True,False
44,False,True
45,False,False
46,False,False
47,False,False
48,False,False
49,True,True
