12,True,True
13,True,True
14,True,True
15,False,True
16,True,False
17,True,True
0,False,True
1,True,True
18,True,False
19,True,False
2,False,True
3,True,True
4,False,False
5,False,False
6,False,False
7,True,True
8,True,True
9,True,True
10,False,False
11,False,False
24,True,True
25,False,False
20,True,False
21,False,True
22,False,True
23,True,True
26,True,False
27,True,True
28,False,False
29,False,True
30,True,True
31,True,True
32,True,False
33,False,False
34,False,False
35,True,True
36,True,False
37,True,True
38,False,True
39,True,True
40,True,True
41,False,False
42,True,True
43,False,False
44,True,True
45,False,False
46,False,True
47,False,False
48,True,True
49,True,False
