12,False,True
13,False,True
14,True,False
15,True,False
16,False,True
17,True,False
0,False,True
1,False,False
18,False,False
19,False,True
2,True,True
3,False,False
4,True,False
5,True,True
6,False,False
7,False,False
8,False,True
9,False,True
10,True,False
11,True,False
24,True,False
25,True,True
20,True,True
21,True,True
22,False,False
23,False,False
26,True,True
27,True,True
28,True,True
29,True,False
30,True,True
31,False,False
32,True,True
33,False,False
34,False,False
35,False,False
36,True,True
37,False,False
38,False,False
39,False,False
40,True,False
41,False,True
42,False,True
43,True,True
44,False,True
45,True,True
46,False,True
47,False,False
48,True,True
49,True,True
