12,True,True
13,True,True
14,False,False
15,False,False
16,True,True
17,False,False
0,True,True
1,True,False
18,False,True
19,True,False
2,False,False
3,True,False
4,True,False
5,True,True
6,False,True
7,False,True
8,True,True
9,False,False
10,True,False
11,True,False
24,False,False
25,True,True
20,True,True
21,True,True
22,False,False
23,False,False
26,True,True
27,True,False
28,True,True
29,False,False
30,False,False
31,False,False
32,True,True
33,False,False
34,True,True
35,True,True
36,True,True
37,False,True
38,False,True
39,False,False
40,False,False
41,True,True
42,True,True
43,True,True
44,True,True
45,True,False
46,False,True
47,False,False
48,True,True
49,False,True
