12,True,True
13,False,False
14,False,False
15,False,False
16,False,True
17,True,False
0,False,False
1,True,True
18,True,True
19,False,False
2,True,True
3,True,True
4,True,True
5,True,False
6,True,True
7,False,True
8,False,False
9,False,False
10,False,False
11,False,False
24,False,False
25,False,True
20,True,False
21,True,False
22,True,True
23,False,True
26,True,True
27,True,True
28,False,True
29,True,False
30,True,False
31,False,True
32,False,False
33,False,False
34,True,True
35,True,True
36,True,True
37,False,True
38,False,False
39,False,False
40,True,True
41,False,True
42,True,True
43,False,False
44,False,True
45,True,True
46,False,True
47,False,False
48,True,False
49,True,False
