12,True,False
13,False,False
14,False,True
15,True,True
16,False,False
17,True,True
0,False,True
1,True,True
18,False,False
19,True,False
2,True,True
3,True,True
4,True,True
5,False,False
6,False,False
7,False,True
8,True,True
9,True,True
10,False,True
11,False,True
24,True,True
25,True,True
20,True,True
21,False,True
22,False,True
23,False,False
26,False,True
27,False,True
28,False,False
29,True,True
30,True,True
31,False,True
32,False,False
33,True,False
34,True,False
35,False,True
36,False,False
37,False,True
38,False,False
39,False,True
40,True,True
41,False,False
42,False,True
43,True,True
44,True,True
45,True,True
46,False,True
47,False,False
48,False,True
49,True,True
