12,True,False
13,True,False
14,True,True
15,True,True
16,True,True
17,True,True
0,False,True
1,True,False
18,False,True
19,True,False
2,True,True
3,True,True
4,True,True
5,False,False
6,False,True
7,False,False
8,True,True
9,True,True
10,False,False
11,False,False
24,True,True
25,False,False
20,False,False
21,True,True
22,False,True
23,False,True
26,True,False
27,False,False
28,True,False
29,True,True
30,False,True
31,False,True
32,True,True
33,False,True
34,False,True
35,True,True
36,False,False
37,True,True
38,False,True
39,True,True
40,True,True
41,False,False
42,False,False
43,True,True
44,False,False
45,False,False
46,False,False
47,False,True
48,True,True
49,False,True
