12,False,True
13,True,True
14,False,False
15,True,False
16,False,False
17,False,False
0,True,False
1,False,False
18,True,True
19,False,False
2,False,True
3,False,False
4,False,False
5,True,True
6,True,True
7,True,True
8,False,True
9,True,True
10,True,False
11,False,False
24,False,True
25,True,True
20,False,True
21,False,True
22,True,False
23,True,True
26,True,True
27,False,True
28,True,False
29,True,False
30,True,False
31,False,True
32,True,True
33,False,False
34,False,True
35,False,True
36,False,True
37,False,True
38,False,True
39,False,False
40,False,False
41,True,True
42,False,True
43,False,False
44,True,True
45,True,False
46,False,True
47,False,False
48,False,False
49,True,True
