12,True,False
13,True,False
14,True,True
15,True,True
16,True,False
17,True,True
0,True,True
1,False,False
18,True,True
19,False,True
2,True,False
3,True,True
4,False,True
5,False,True
6,True,True
7,True,True
8,False,True
9,False,True
10,True,True
11,True,True
24,True,True
25,True,True
20,True,True
21,True,True
22,True,True
23,True,False
26,False,True
27,False,True
28,False,False
29,True,False
30,True,True
31,False,False
32,False,True
33,False,False
34,False,False
35,False,True
36,True,False
37,True,True
38,True,False
39,True,True
40,True,True
41,True,False
42,True,True
43,False,False
44,True,True
45,False,True
46,False,False
47,False,True
48,True,True
49,True,False
