12,True,True
13,False,True
14,False,False
15,True,True
16,True,True
17,False,True
0,True,False
1,True,True
18,True,True
19,False,False
2,True,True
3,True,True
4,True,True
5,True,True
6,False,True
7,False,True
8,True,True
9,True,True
10,True,True
11,True,True
24,True,True
25,True,True
20,True,False
21,False,True
22,False,True
23,True,False
26,False,False
27,True,True
28,False,True
29,True,False
30,False,True
31,False,True
32,False,False
33,True,True
34,False,False
35,False,True
36,False,False
37,True,True
38,True,False
39,True,True
40,True,True
41,True,True
42,True,True
43,False,True
44,True,True
45,True,True
46,False,True
47,False,True
48,False,True
49,True,True
