12,True,True
13,True,True
14,True,True
15,False,True
16,True,True
17,True,True
0,True,False
1,True,True
18,False,True
19,True,False
2,True,True
3,False,True
4,True,True
5,False,False
6,True,True
7,False,True
8,False,False
9,False,True
10,True,False
11,True,True
24,False,False
25,False,False
20,False,False
21,False,True
22,True,True
23,True,True
26,False,False
27,False,True
28,True,True
29,True,True
30,False,False
31,True,False
32,True,False
33,True,True
34,True,True
35,True,True
36,True,True
37,True,True
38,False,False
39,True,False
40,True,True
41,False,False
42,False,False
43,True,False
44,True,True
45,True,False
46,False,True
47,False,False
48,True,True
49,True,True
