12,True,True
13,True,True
14,False,False
15,False,False
16,True,True
17,True,False
0,False,False
1,True,True
18,False,True
19,True,True
2,True,True
3,True,False
4,True,True
5,False,True
6,False,True
7,False,True
8,False,False
9,False,False
10,True,False
11,True,True
24,False,False
25,False,True
20,True,True
21,True,True
22,False,False
23,False,True
26,True,False
27,False,True
28,True,True
29,True,False
30,False,False
31,False,False
32,True,True
33,False,True
34,True,True
35,True,True
36,True,True
37,False,False
38,False,False
39,False,False
40,True,True
41,False,True
42,False,False
43,True,False
44,False,False
45,True,True
46,False,False
47,False,True
48,False,True
49,False,True
