12,False,True
13,True,True
14,False,False
15,True,True
16,True,True
17,False,True
0,False,True
1,True,True
18,True,True
19,True,False
2,False,False
3,True,False
4,True,False
5,True,False
6,True,True
7,False,True
8,True,True
9,False,False
10,True,True
11,False,False
24,True,True
25,True,True
20,True,True
21,True,True
22,True,True
23,True,True
26,False,True
27,False,True
28,False,False
29,True,False
30,True,True
31,True,True
32,False,False
33,False,False
34,False,True
35,False,True
36,True,False
37,True,True
38,True,True
39,True,False
40,True,True
41,True,False
42,True,True
43,True,True
44,True,True
45,True,True
46,False,True
47,False,True
48,False,True
49,True,True
