12,True,True
13,False,True
14,False,False
15,False,False
16,True,True
17,True,True
0,False,False
1,True,False
18,True,True
19,False,True
2,False,True
3,False,True
4,True,True
5,True,False
6,True,True
7,False,False
8,False,False
9,False,False
10,True,True
11,True,True
24,False,False
25,False,False
20,False,False
21,False,False
22,True,True
23,True,True
26,False,False
27,False,True
28,False,False
29,True,True
30,True,False
31,True,True
32,False,False
33,True,True
34,False,True
35,False,False
36,False,False
37,True,True
38,True,True
39,True,True
40,True,True
41,False,False
42,False,False
43,True,True
44,False,False
45,True,True
46,False,False
47,False,True
48,False,True
49,True,True
