12,True,True
13,True,True
14,False,False
15,False,False
16,True,True
17,False,False
0,True,True
1,True,False
18,True,True
19,True,False
2,True,True
3,False,False
4,True,True
5,True,True
6,True,True
7,False,True
8,False,False
9,False,True
10,True,False
11,True,True
24,True,True
25,True,True
20,False,False
21,False,True
22,False,False
23,True,True
26,True,False
27,False,True
28,True,False
29,True,True
30,True,False
31,False,False
32,True,True
33,False,False
34,True,True
35,True,True
36,True,True
37,False,False
38,False,True
39,False,False
40,False,True
41,False,False
42,True,True
43,True,False
44,False,True
45,True,False
46,False,True
47,False,False
48,False,False
49,True,True
