12,True,False
13,False,False
14,True,True
15,True,True
16,False,False
17,False,True
0,True,True
1,False,False
18,False,False
19,True,True
2,True,True
3,False,True
4,True,True
5,True,True
6,False,False
7,True,True
8,True,True
9,False,False
10,True,True
11,True,True
24,True,True
25,True,True
20,True,True
21,True,True
22,False,True
23,False,False
26,False,True
27,False,True
28,True,False
29,False,False
30,True,True
31,False,True
32,False,True
33,True,True
34,False,False
35,True,True
36,False,True
37,True,True
38,True,False
39,True,True
40,True,True
41,False,False
42,True,True
43,True,True
44,False,False
45,True,True
46,False,True
47,False,True
48,False,True
49,False,True
