12,False,False
13,True,True
14,False,False
15,False,True
16,True,True
17,True,False
0,True,True
1,True,True
18,True,True
19,False,False
2,True,True
3,True,True
4,True,True
5,False,False
6,True,True
7,True,True
8,False,False
9,True,True
10,False,False
11,True,False
24,False,False
25,True,True
20,True,True
21,True,False
22,False,True
23,False,False
26,True,False
27,False,False
28,True,False
29,True,False
30,True,True
31,False,True
32,True,True
33,False,True
34,False,True
35,False,True
36,True,False
37,False,True
38,False,True
39,False,True
40,False,False
41,True,True
42,False,False
43,False,False
44,False,True
45,True,True
46,False,True
47,False,True
48,False,False
49,False,True
