12,True,False
13,True,True
14,False,True
15,False,True
16,True,True
17,False,False
0,False,False
1,True,True
18,True,True
19,False,False
2,True,True
3,False,True
4,True,True
5,True,False
6,True,False
7,False,False
8,False,True
9,False,False
10,True,False
11,True,False
24,False,True
25,True,False
20,False,False
21,False,True
22,True,True
23,True,True
26,False,False
27,False,False
28,False,False
29,True,True
30,True,True
31,True,True
32,False,False
33,True,False
34,False,False
35,False,False
36,False,False
37,True,True
38,True,True
39,True,True
40,False,True
41,True,True
42,False,True
43,True,False
44,False,True
45,False,False
46,False,True
47,False,False
48,False,False
49,True,True
