12,False,False
13,False,False
14,True,True
15,True,True
16,False,False
17,True,True
0,True,True
1,False,False
18,True,True
19,False,True
2,True,True
3,True,True
4,True,True
5,False,True
6,True,True
7,True,True
8,True,True
9,False,True
10,True,True
11,False,True
24,False,True
25,True,True
20,False,False
21,True,True
22,True,True
23,False,False
26,False,True
27,False,True
28,True,True
29,False,True
30,False,True
31,False,False
32,False,False
33,False,False
34,False,False
35,True,True
36,False,True
37,True,True
38,False,False
39,True,True
40,True,True
41,False,False
42,True,True
43,False,False
44,False,True
45,True,True
46,False,True
47,False,False
48,True,True
49,False,False
