12,True,True
13,False,True
14,True,True
15,True,True
16,True,True
17,False,False
0,False,True
1,True,True
18,True,False
19,False,False
2,True,True
3,True,False
4,True,False
5,False,False
6,False,True
7,False,True
8,True,True
9,False,True
10,False,False
11,True,False
24,False,False
25,True,True
20,True,False
21,True,True
22,False,True
23,False,False
26,True,True
27,True,True
28,True,False
29,False,True
30,True,False
31,False,False
32,True,False
33,False,False
34,True,True
35,True,True
36,True,True
37,False,False
38,False,True
39,False,False
40,True,True
41,False,False
42,False,True
43,False,False
44,True,True
45,False,False
46,False,True
47,False,False
48,True,False
49,True,False
