12,True,True
13,False,False
14,False,False
15,True,True
16,True,True
17,True,True
0,False,True
1,True,True
18,True,True
19,True,True
2,False,False
3,False,True
4,True,False
5,False,False
6,False,False
7,False,True
8,False,True
9,False,True
10,True,True
11,True,False
24,True,True
25,True,False
20,False,False
21,False,True
22,True,True
23,True,True
26,False,True
27,False,True
28,False,False
29,True,False
30,True,True
31,True,True
32,False,True
33,False,False
34,False,False
35,False,True
36,True,True
37,True,True
38,True,True
39,True,True
40,True,True
41,False,False
42,False,False
43,True,True
44,False,False
45,True,True
46,False,True
47,False,False
48,True,True
49,True,True
