12,False,True
13,True,True
14,False,False
15,True,True
16,False,False
17,False,False
0,False,True
1,False,True
18,True,True
19,True,True
2,True,True
3,False,True
4,False,False
5,True,True
6,True,True
7,True,True
8,True,True
9,False,True
10,True,True
11,True,True
24,True,True
25,True,True
20,True,True
21,False,True
22,True,True
23,False,True
26,False,False
27,False,True
28,False,False
29,True,False
30,True,True
31,False,False
32,True,True
33,False,False
34,False,True
35,True,True
36,True,True
37,True,True
38,True,False
39,True,True
40,True,True
41,True,True
42,True,True
43,False,True
44,True,False
45,False,True
46,False,True
47,False,True
48,True,True
49,True,True
