12,True,True
13,True,True
14,False,False
15,True,True
16,False,False
17,True,True
0,True,True
1,True,True
18,True,True
19,False,False
2,True,True
3,True,True
4,True,True
5,True,True
6,False,True
7,True,True
8,True,True
9,True,True
10,True,True
11,True,True
24,True,True
25,True,True
20,True,True
21,False,True
22,True,True
23,False,True
26,False,True
27,True,True
28,True,False
29,True,False
30,True,True
31,False,False
32,False,False
33,False,True
34,False,False
35,True,True
36,False,True
37,True,True
38,True,False
39,True,True
40,True,True
41,True,True
42,True,True
43,True,True
44,False,True
45,True,True
46,False,True
47,False,True
48,True,True
49,True,True
