12,False,False
13,True,False
14,False,False
15,True,True
16,True,False
17,False,False
0,True,True
1,True,True
18,False,True
19,True,True
2,True,True
3,False,False
4,True,True
5,True,True
6,True,True
7,True,True
8,False,False
9,False,True
10,True,False
11,True,False
24,True,True
25,True,True
20,True,True
21,False,True
22,True,True
23,True,False
26,False,False
27,False,True
28,False,False
29,True,True
30,True,True
31,True,False
32,False,False
33,False,False
34,False,False
35,False,True
36,False,True
37,False,True
38,False,False
39,True,True
40,True,True
41,False,False
42,False,True
43,True,False
44,True,True
45,True,True
46,False,True
47,False,True
48,False,True
49,True,True
