12,True,False
13,True,True
14,False,False
15,False,False
16,False,False
17,True,False
0,False,False
1,False,False
18,True,True
19,False,False
2,False,True
3,True,True
4,False,False
5,True,False
6,False,True
7,True,True
8,False,True
9,False,True
10,True,False
11,True,False
24,True,True
25,True,True
20,True,False
21,False,True
22,True,True
23,False,True
26,True,False
27,True,True
28,True,False
29,True,True
30,False,True
31,False,False
32,True,False
33,False,False
34,True,True
35,False,True
36,True,True
37,True,False
38,False,True
39,False,True
40,False,True
41,True,True
42,False,True
43,True,False
44,False,False
45,True,True
46,False,True
47,False,True
48,True,True
49,False,True
