12,False,False
13,True,True
14,False,False
15,True,True
16,False,False
17,False,True
0,False,True
1,False,True
18,True,True
19,False,False
2,False,True
3,False,True
4,True,False
5,False,False
6,True,True
7,False,False
8,True,True
9,False,False
10,True,True
11,True,True
24,True,True
25,True,True
20,True,True
21,True,True
22,True,True
23,True,True
26,False,True
27,False,True
28,False,False
29,True,False
30,True,True
31,True,True
32,True,True
33,False,False
34,False,False
35,False,True
36,True,True
37,True,True
38,True,False
39,True,True
40,True,True
41,True,True
42,True,True
43,False,False
44,True,True
45,True,True
46,False,True
47,False,False
48,True,False
49,True,True
