12,True,True
13,True,True
14,False,False
15,False,False
16,False,False
17,True,True
0,True,True
1,False,False
18,True,True
19,True,True
2,False,False
3,False,False
4,False,False
5,False,False
6,True,True
7,True,True
8,True,True
9,True,True
10,False,False
11,False,True
24,True,True
25,False,True
20,False,False
21,True,True
22,True,True
23,True,True
26,True,False
27,False,True
28,True,True
29,True,False
30,True,False
31,False,False
32,True,True
33,False,True
34,True,True
35,True,True
36,True,True
37,False,False
38,False,False
39,False,False
40,True,True
41,True,False
42,True,True
43,False,False
44,True,True
45,False,True
46,False,False
47,False,False
48,True,True
49,False,True
