12,True,True
13,True,True
14,False,True
15,False,True
16,False,False
17,False,True
0,True,True
1,False,False
18,False,False
19,False,False
2,True,True
3,False,True
4,False,True
5,True,True
6,False,False
7,False,False
8,False,False
9,False,True
10,True,True
11,True,True
24,True,True
25,False,False
20,True,True
21,True,True
22,False,True
23,True,True
26,True,True
27,True,True
28,True,True
29,False,True
30,False,True
31,False,False
32,False,False
33,False,False
34,False,True
35,False,True
36,True,True
37,False,False
38,False,True
39,True,False
40,True,True
41,False,False
42,True,True
43,True,True
44,False,False
45,False,True
46,False,False
47,False,False
48,False,True
49,True,True
