12,True,True
13,True,True
14,False,False
15,False,False
16,True,True
17,True,True
0,True,True
1,False,False
18,True,True
19,True,True
2,True,True
3,False,True
4,True,False
5,False,False
6,True,True
7,True,True
8,False,True
9,False,True
10,False,False
11,True,False
24,True,True
25,False,False
20,False,False
21,False,True
22,False,True
23,True,True
26,False,False
27,False,True
28,True,False
29,True,True
30,True,True
31,False,True
32,True,True
33,False,True
34,True,True
35,True,True
36,True,True
37,False,False
38,False,True
39,False,False
40,True,True
41,False,False
42,True,True
43,False,False
44,True,True
45,False,False
46,False,False
47,False,False
48,True,True
49,False,True
