12,True,True
13,True,True
14,False,False
15,False,False
16,True,True
17,False,False
0,False,True
1,True,False
18,True,True
19,False,False
2,False,False
3,False,False
4,False,False
5,True,True
6,True,True
7,True,True
8,True,True
9,True,True
10,False,False
11,True,False
24,True,True
25,True,True
20,False,False
21,False,True
22,False,True
23,True,True
26,True,True
27,False,False
28,True,True
29,False,True
30,False,True
31,False,False
32,True,True
33,False,False
34,False,False
35,False,True
36,False,True
37,True,False
38,False,True
39,True,True
40,True,True
41,False,True
42,True,True
43,False,False
44,False,True
45,False,False
46,False,True
47,False,False
48,True,True
49,False,True
