12,True,True
13,True,True
14,True,False
15,False,False
16,False,False
17,True,True
0,False,True
1,True,True
18,True,True
19,True,False
2,False,True
3,True,True
4,True,True
5,True,False
6,True,True
7,False,False
8,False,True
9,False,True
10,False,False
11,True,False
24,True,True
25,True,True
20,False,False
21,False,True
22,True,True
23,False,True
26,True,False
27,False,True
28,False,False
29,True,True
30,True,False
31,True,True
32,False,False
33,True,False
34,False,True
35,False,True
36,True,True
37,True,False
38,False,True
39,True,False
40,True,True
41,True,False
42,False,False
43,True,False
44,True,True
45,False,True
46,False,True
47,False,False
48,True,False
49,True,True
