12,True,True
13,True,True
14,False,False
15,False,False
16,False,False
17,False,False
0,True,True
1,True,True
18,True,True
19,True,True
2,False,True
3,False,False
4,True,True
5,True,True
6,False,True
7,False,False
8,False,False
9,False,True
10,False,False
11,True,True
24,True,True
25,True,True
20,False,False
21,False,True
22,True,True
23,True,True
26,False,False
27,False,True
28,True,False
29,True,True
30,True,True
31,True,True
32,False,True
33,True,False
34,False,True
35,False,True
36,True,True
37,True,False
38,True,True
39,True,True
40,False,False
41,False,False
42,False,True
43,True,True
44,False,True
45,True,True
46,False,True
47,False,False
48,True,True
49,False,True
