12,True,True
13,True,True
14,False,False
15,False,False
16,True,True
17,True,True
0,False,False
1,True,True
18,True,True
19,False,False
2,True,True
3,False,True
4,True,True
5,False,False
6,True,True
7,True,True
8,False,False
9,False,False
10,True,True
11,True,True
24,True,True
25,False,False
20,False,True
21,False,False
22,True,True
23,False,False
26,False,False
27,False,True
28,True,True
29,False,False
30,False,False
31,True,False
32,False,False
33,True,False
34,False,True
35,True,True
36,False,False
37,True,False
38,False,True
39,True,False
40,True,True
41,True,True
42,False,True
43,False,False
44,False,True
45,True,False
46,False,True
47,False,False
48,True,False
49,False,True
