12,False,False
13,False,True
14,False,False
15,True,True
16,False,False
17,True,False
0,True,True
1,True,True
18,True,True
19,False,False
2,False,False
3,True,False
4,True,False
5,True,True
6,True,True
7,True,True
8,True,True
9,True,False
10,True,False
11,False,False
24,True,False
25,True,True
20,True,True
21,True,False
22,False,False
23,False,False
26,True,False
27,True,True
28,True,True
29,True,False
30,True,False
31,False,False
32,True,True
33,True,False
34,True,True
35,True,True
36,False,True
37,False,True
38,False,False
39,False,False
40,False,False
41,False,False
42,True,True
43,True,True
44,False,False
45,True,True
46,False,True
47,False,False
48,True,False
49,False,True
