12,True,True
13,True,True
14,True,True
15,False,False
16,False,True
17,True,True
0,True,True
1,False,True
18,False,True
19,True,True
2,True,True
3,False,False
4,True,False
5,True,True
6,True,True
7,False,True
8,False,True
9,False,True
10,True,False
11,True,False
24,True,True
25,True,False
20,False,False
21,True,True
22,False,True
23,False,True
26,True,True
27,False,False
28,True,False
29,True,True
30,False,True
31,False,False
32,True,True
33,False,True
34,False,True
35,True,True
36,True,True
37,False,False
38,False,True
39,False,True
40,True,True
41,False,False
42,False,True
43,True,True
44,False,True
45,True,False
46,False,False
47,False,False
48,True,True
49,True,True
