12,False,True
13,False,True
14,False,True
15,True,False
16,False,False
17,True,True
0,True,True
1,False,False
18,True,True
19,False,False
2,False,True
3,False,False
4,False,True
5,True,False
6,True,True
7,True,True
8,True,False
9,True,True
10,False,False
11,False,False
24,True,True
25,False,False
20,False,False
21,True,False
22,True,False
23,True,True
26,True,False
27,False,True
28,True,False
29,True,False
30,True,False
31,False,True
32,False,True
33,False,False
34,False,True
35,False,True
36,False,True
37,False,True
38,False,True
39,False,False
40,True,True
41,False,True
42,True,True
43,False,False
44,True,True
45,False,False
46,False,True
47,False,True
48,False,True
49,True,True
