12,True,True
13,True,True
14,False,False
15,False,False
16,True,True
17,False,False
0,False,False
1,True,True
18,True,True
19,True,False
2,True,True
3,False,False
4,False,True
5,True,False
6,True,False
7,False,False
8,True,False
9,False,True
10,True,True
11,True,False
24,True,True
25,False,False
20,False,False
21,False,True
22,False,False
23,True,True
26,False,False
27,True,True
28,True,False
29,False,False
30,False,False
31,False,False
32,False,False
33,False,True
34,True,True
35,True,True
36,True,True
37,False,False
38,False,True
39,False,False
40,True,True
41,True,False
42,True,False
43,False,False
44,True,True
45,False,True
46,False,True
47,False,False
48,True,False
49,False,True
