12,True,True
13,False,False
14,False,False
15,True,True
16,False,False
17,True,True
0,True,True
1,True,False
18,True,True
19,True,True
2,True,True
3,True,True
4,True,True
5,True,True
6,True,True
7,True,True
8,False,False
9,False,True
10,True,True
11,True,False
24,True,True
25,True,True
20,True,False
21,True,False
22,True,True
23,False,True
26,True,False
27,True,True
28,True,True
29,False,False
30,False,True
31,False,True
32,False,False
33,False,False
34,True,True
35,False,True
36,True,True
37,False,True
38,False,False
39,False,True
40,True,True
41,False,False
42,True,True
43,True,True
44,True,False
45,True,True
46,False,True
47,False,False
48,True,True
49,False,True
