12,True,True
13,True,True
14,True,True
15,False,False
16,True,True
17,True,True
0,False,False
1,False,True
18,True,True
19,False,False
2,True,True
3,False,True
4,False,False
5,False,False
6,True,False
7,True,True
8,True,False
9,True,True
10,False,True
11,False,False
24,True,True
25,False,False
20,False,False
21,False,True
22,True,True
23,True,True
26,True,True
27,False,True
28,True,False
29,False,True
30,False,True
31,True,True
32,True,True
33,True,False
34,False,True
35,False,True
36,False,True
37,True,True
38,True,True
39,True,True
40,True,True
41,True,True
42,False,True
43,False,False
44,False,True
45,False,True
46,False,True
47,False,False
48,False,True
49,False,False
