12,True,True
13,False,False
14,False,False
15,True,True
16,True,False
17,True,True
0,False,True
1,True,True
18,False,True
19,True,True
2,True,True
3,False,True
4,False,True
5,True,True
6,True,True
7,True,True
8,False,True
9,False,True
10,True,True
11,True,True
24,True,True
25,True,True
20,False,False
21,False,True
22,False,True
23,False,True
26,False,False
27,False,True
28,True,False
29,False,False
30,True,True
31,False,False
32,True,True
33,True,False
34,False,True
35,True,True
36,False,True
37,True,True
38,True,False
39,True,True
40,True,True
41,False,False
42,True,True
43,False,True
44,True,True
45,True,True
46,False,True
47,False,False
48,True,True
49,False,True
