12,True,True
13,True,True
14,False,False
15,False,False
16,True,True
17,False,False
0,True,True
1,False,True
18,True,True
19,False,False
2,True,False
3,False,True
4,False,False
5,False,False
6,True,True
7,True,True
8,False,False
9,False,False
10,True,True
11,True,True
24,True,True
25,False,False
20,True,True
21,False,True
22,False,True
23,True,True
26,True,False
27,True,True
28,True,True
29,False,False
30,False,False
31,False,False
32,True,True
33,False,False
34,False,True
35,False,True
36,True,True
37,True,False
38,False,False
39,False,False
40,True,True
41,True,True
42,False,False
43,False,False
44,True,True
45,False,False
46,False,True
47,False,False
48,False,True
49,True,True
