12,True,True
13,True,True
14,True,True
15,False,False
16,True,True
17,True,True
0,True,False
1,True,True
18,True,True
19,True,True
2,True,True
3,False,False
4,False,False
5,False,False
6,True,True
7,True,True
8,False,False
9,False,False
10,True,True
11,True,False
24,True,True
25,True,True
20,True,False
21,True,True
22,False,True
23,True,True
26,True,False
27,True,True
28,True,False
29,True,True
30,False,True
31,False,True
32,True,False
33,False,False
34,True,True
35,True,True
36,True,True
37,False,False
38,False,True
39,False,True
40,True,True
41,False,False
42,False,False
43,False,False
44,False,False
45,False,True
46,False,True
47,False,False
48,True,True
49,False,False
