12,True,False
13,True,True
14,False,False
15,False,False
16,False,True
17,True,True
0,False,False
1,True,False
18,True,True
19,False,False
2,True,True
3,False,True
4,True,True
5,False,False
6,True,True
7,False,True
8,False,False
9,False,False
10,True,True
11,True,True
24,True,True
25,False,False
20,True,False
21,True,False
22,False,True
23,False,True
26,True,False
27,True,True
28,True,False
29,True,True
30,False,True
31,False,True
32,False,False
33,False,False
34,False,False
35,False,False
36,True,False
37,False,True
38,False,True
39,False,True
40,True,True
41,True,False
42,False,True
43,False,False
44,False,True
45,True,True
46,False,False
47,False,True
48,True,True
49,False,False
