12,False,False
13,False,False
14,False,False
15,True,True
16,False,False
17,True,True
0,False,False
1,True,True
18,True,True
19,False,True
2,True,True
3,True,False
4,True,True
5,False,True
6,False,True
7,False,True
8,False,False
9,False,True
10,True,True
11,True,True
24,False,False
25,False,False
20,False,False
21,False,False
22,True,False
23,True,False
26,False,False
27,False,False
28,False,False
29,True,True
30,True,True
31,True,True
32,False,True
33,True,False
34,False,True
35,False,True
36,False,False
37,True,True
38,True,True
39,True,True
40,False,True
41,False,False
42,False,True
43,True,True
44,False,False
45,True,False
46,False,False
47,False,True
48,False,False
49,True,True
