12,True,False
13,False,False
14,False,False
15,True,True
16,False,False
17,False,True
0,False,True
1,True,True
18,False,True
19,True,True
2,True,True
3,True,True
4,False,True
5,True,True
6,False,True
7,True,True
8,False,True
9,False,True
10,True,True
11,True,True
24,True,True
25,True,True
20,True,True
21,False,True
22,True,True
23,False,False
26,False,False
27,True,True
28,True,False
29,True,False
30,True,True
31,False,True
32,True,True
33,True,False
34,False,True
35,True,True
36,True,True
37,False,True
38,False,False
39,False,True
40,True,True
41,True,True
42,False,True
43,False,False
44,True,True
45,True,True
46,False,True
47,False,False
48,True,True
49,True,True
