12,True,True
13,True,True
14,True,True
15,False,False
16,False,False
17,True,False
0,True,True
1,True,True
18,True,True
19,False,True
2,True,True
3,False,True
4,True,False
5,True,False
6,True,True
7,True,True
8,False,False
9,False,False
10,True,True
11,True,True
24,True,True
25,False,False
20,False,False
21,False,True
22,True,True
23,True,True
26,True,True
27,False,False
28,True,False
29,True,True
30,True,True
31,True,True
32,True,True
33,False,True
34,False,True
35,False,True
36,False,False
37,False,True
38,False,True
39,False,True
40,True,True
41,False,True
42,False,False
43,True,False
44,False,False
45,True,False
46,False,False
47,False,False
48,False,True
49,True,False
