12,True,True
13,True,True
14,True,False
15,True,False
16,False,False
17,True,True
0,True,True
1,True,False
18,True,True
19,True,True
2,True,True
3,False,False
4,True,True
5,False,False
6,True,True
7,True,False
8,False,True
9,True,True
10,False,False
11,False,False
24,False,False
25,False,False
20,False,False
21,True,True
22,False,True
23,True,True
26,False,False
27,False,True
28,True,True
29,True,False
30,True,False
31,False,False
32,True,False
33,False,True
34,True,True
35,True,True
36,True,True
37,False,False
38,False,False
39,False,False
40,True,True
41,False,False
42,False,False
43,False,False
44,False,False
45,True,False
46,False,True
47,False,False
48,True,True
49,True,True
