12,True,True
13,False,True
14,True,True
15,True,False
16,True,True
17,False,False
0,True,True
1,False,False
18,False,True
19,True,False
2,True,True
3,True,True
4,True,True
5,False,False
6,True,True
7,False,True
8,False,False
9,False,False
10,True,True
11,True,True
24,True,True
25,True,True
20,False,False
21,True,True
22,True,True
23,True,True
26,True,False
27,False,False
28,True,False
29,True,True
30,True,False
31,False,False
32,True,False
33,False,True
34,True,True
35,True,True
36,True,True
37,False,False
38,False,True
39,False,True
40,True,True
41,False,True
42,False,False
43,True,True
44,False,True
45,True,True
46,False,False
47,False,False
48,True,True
49,False,True
