12,False,False
13,False,True
14,True,False
15,False,False
16,False,False
17,True,True
0,False,False
1,True,True
18,True,True
19,True,True
2,True,True
3,True,True
4,True,True
5,False,False
6,True,False
7,False,False
8,False,True
9,False,False
10,True,True
11,True,False
24,True,False
25,False,False
20,False,False
21,False,False
22,True,True
23,True,True
26,False,False
27,False,True
28,True,False
29,True,True
30,False,True
31,False,True
32,False,False
33,True,True
34,True,True
35,True,True
36,True,False
37,False,False
38,False,True
39,True,True
40,True,True
41,False,False
42,False,False
43,True,False
44,False,False
45,True,True
46,False,True
47,False,True
48,True,True
49,True,False
