12,True,True
13,True,False
14,True,True
15,True,True
16,False,False
17,True,True
0,True,True
1,False,False
18,True,True
19,False,True
2,True,False
3,True,True
4,True,False
5,True,False
6,True,True
7,True,True
8,False,True
9,False,True
10,True,False
11,True,False
24,False,False
25,True,True
20,True,False
21,True,True
22,True,True
23,False,False
26,False,False
27,False,True
28,True,False
29,False,True
30,False,False
31,False,False
32,False,True
33,False,False
34,True,True
35,False,True
36,True,False
37,False,False
38,False,True
39,True,True
40,True,True
41,False,False
42,False,True
43,False,False
44,False,True
45,True,True
46,False,True
47,False,False
48,False,True
49,True,True
