12,True,True
13,True,True
14,False,False
15,True,True
16,False,False
17,False,False
0,False,True
1,True,True
18,True,True
19,False,True
2,False,True
3,True,True
4,True,False
5,True,True
6,True,True
7,False,False
8,False,True
9,False,True
10,True,True
11,True,True
24,True,True
25,True,True
20,False,True
21,False,True
22,False,True
23,True,False
26,False,True
27,False,True
28,False,False
29,True,False
30,True,True
31,True,True
32,False,True
33,True,False
34,False,False
35,False,True
36,True,False
37,False,True
38,True,True
39,True,True
40,True,True
41,True,True
42,True,True
43,True,True
44,False,True
45,True,True
46,False,True
47,False,True
48,True,True
49,True,True
