12,True,True
13,False,False
14,False,False
15,False,False
16,False,False
17,True,True
0,False,False
1,False,True
18,True,True
19,False,True
2,True,True
3,False,True
4,True,True
5,True,False
6,False,True
7,False,False
8,False,False
9,False,True
10,True,False
11,True,False
24,True,True
25,False,False
20,False,False
21,False,True
22,False,True
23,True,True
26,True,False
27,False,True
28,False,False
29,True,True
30,True,True
31,True,True
32,True,True
33,True,True
34,True,True
35,False,True
36,True,False
37,False,False
38,True,True
39,False,True
40,True,True
41,False,False
42,False,False
43,True,True
44,False,False
45,False,True
46,False,False
47,False,False
48,True,True
49,False,True
