12,True,True
13,False,False
14,True,True
15,True,True
16,False,False
17,True,True
0,False,True
1,True,False
18,False,True
19,False,True
2,False,False
3,True,True
4,False,True
5,False,True
6,True,True
7,True,True
8,False,False
9,True,True
10,True,False
11,True,False
24,True,True
25,True,True
20,False,False
21,False,True
22,True,True
23,True,True
26,False,True
27,False,True
28,False,False
29,True,True
30,True,True
31,True,True
32,False,False
33,True,False
34,True,False
35,True,True
36,False,True
37,False,True
38,True,False
39,False,True
40,True,True
41,False,False
42,False,True
43,True,False
44,True,True
45,True,True
46,False,True
47,False,True
48,False,True
49,True,True
