12,True,True
13,False,True
14,True,False
15,True,False
16,False,True
17,True,True
0,False,True
1,False,False
18,False,True
19,True,False
2,True,True
3,True,True
4,True,True
5,True,False
6,True,True
7,False,True
8,False,False
9,False,False
10,True,True
11,True,True
24,True,False
25,False,False
20,False,False
21,True,True
22,False,True
23,True,True
26,False,False
27,False,True
28,True,False
29,True,False
30,True,True
31,False,True
32,False,False
33,False,True
34,False,True
35,False,True
36,True,True
37,False,False
38,False,True
39,False,True
40,True,True
41,False,False
42,False,False
43,True,False
44,False,False
45,True,True
46,False,False
47,False,False
48,False,False
49,False,True
