12,True,True
13,True,True
14,False,False
15,False,False
16,True,True
17,False,False
0,False,False
1,True,True
18,False,True
19,False,False
2,False,True
3,True,True
4,True,True
5,False,False
6,True,False
7,True,True
8,False,False
9,False,False
10,True,True
11,True,True
24,True,True
25,False,True
20,True,False
21,False,True
22,True,True
23,True,True
26,False,False
27,True,True
28,True,False
29,True,True
30,False,True
31,False,False
32,False,False
33,False,False
34,False,False
35,False,False
36,True,True
37,False,False
38,False,True
39,True,True
40,True,True
41,True,True
42,False,True
43,True,False
44,False,True
45,True,True
46,False,True
47,False,False
48,False,True
49,True,True
