12,True,True
13,False,False
14,False,True
15,True,True
16,True,False
17,True,True
0,True,True
1,True,True
18,True,True
19,False,True
2,True,True
3,True,True
4,True,True
5,True,True
6,True,False
7,False,True
8,True,True
9,True,True
10,True,True
11,True,True
24,True,True
25,True,True
20,True,False
21,True,True
22,True,True
23,True,False
26,False,True
27,True,True
28,False,False
29,True,False
30,True,True
31,False,True
32,False,False
33,False,True
34,False,False
35,False,True
36,False,False
37,True,True
38,True,False
39,True,True
40,True,True
41,True,True
42,True,True
43,True,True
44,True,False
45,True,True
46,False,True
47,False,True
48,False,True
49,True,True
