12,True,False
13,True,True
14,True,True
15,True,True
16,True,False
17,False,True
0,False,True
1,True,True
18,False,True
19,True,True
2,False,True
3,True,True
4,True,False
5,False,True
6,False,True
7,False,True
8,False,True
9,False,True
10,True,True
11,True,True
24,True,True
25,True,True
20,False,False
21,True,True
22,True,True
23,True,True
26,False,True
27,False,True
28,True,False
29,False,False
30,False,True
31,False,True
32,False,False
33,True,False
34,False,False
35,False,True
36,True,False
37,True,True
38,False,True
39,False,False
40,False,True
41,True,True
42,True,True
43,True,True
44,False,True
45,True,True
46,False,True
47,False,True
48,False,True
49,True,True
