12,False,False
13,False,False
14,True,True
15,True,True
16,False,False
17,True,True
0,True,True
1,True,True
18,True,False
19,True,True
2,False,True
3,False,True
4,False,False
5,True,False
6,False,False
7,False,False
8,True,True
9,True,True
10,True,True
11,False,False
24,False,False
25,True,True
20,False,False
21,True,True
22,True,True
23,True,True
26,False,False
27,False,False
28,False,False
29,True,False
30,True,True
31,True,True
32,False,True
33,True,False
34,False,False
35,True,True
36,False,True
37,True,True
38,False,True
39,True,True
40,True,True
41,False,False
42,True,True
43,True,True
44,True,False
45,True,True
46,False,True
47,False,True
48,False,True
49,True,True
