12,True,False
13,True,True
14,False,True
15,True,True
16,True,True
17,False,False
0,False,True
1,True,True
18,True,True
19,False,True
2,False,False
3,False,False
4,False,False
5,False,True
6,True,True
7,False,True
8,False,True
9,False,True
10,True,True
11,True,True
24,True,True
25,True,True
20,True,True
21,True,True
22,False,True
23,False,True
26,False,True
27,False,True
28,False,False
29,False,False
30,True,True
31,True,True
32,False,True
33,False,False
34,False,False
35,True,True
36,True,True
37,False,False
38,False,False
39,True,False
40,True,True
41,True,True
42,True,True
43,True,False
44,True,True
45,True,True
46,False,False
47,False,True
48,True,True
49,False,True
