12,True,True
13,True,True
14,False,False
15,False,False
16,True,True
17,False,True
0,True,True
1,True,True
18,True,False
19,False,False
2,True,True
3,False,True
4,False,True
5,False,False
6,False,False
7,False,True
8,False,False
9,False,True
10,True,True
11,True,False
24,True,True
25,True,False
20,False,False
21,False,True
22,False,True
23,False,False
26,True,True
27,True,True
28,True,False
29,False,True
30,False,True
31,False,True
32,True,False
33,False,False
34,True,True
35,True,False
36,False,False
37,True,True
38,False,True
39,True,True
40,True,True
41,True,True
42,False,True
43,True,False
44,False,True
45,True,True
46,False,False
47,False,False
48,True,True
49,False,False
