12,False,False
13,False,True
14,True,True
15,True,True
16,False,False
17,True,False
0,True,False
1,False,False
18,True,False
19,False,True
2,True,True
3,False,False
4,False,True
5,True,True
6,True,False
7,True,False
8,True,True
9,True,True
10,False,True
11,False,False
24,True,True
25,False,False
20,False,True
21,False,False
22,True,True
23,True,True
26,False,False
27,False,False
28,False,True
29,True,False
30,True,True
31,True,True
32,False,True
33,True,True
34,False,False
35,False,False
36,False,False
37,True,True
38,True,True
39,True,True
40,True,False
41,False,False
42,True,False
43,False,True
44,True,True
45,False,True
46,False,False
47,False,False
48,True,True
49,False,False
