12,True,True
13,True,False
14,False,False
15,False,False
16,True,True
17,True,True
0,True,True
1,True,True
18,True,True
19,False,False
2,True,True
3,False,False
4,False,True
5,True,False
6,True,True
7,True,True
8,True,False
9,False,False
10,False,False
11,True,False
24,False,False
25,False,False
20,True,False
21,True,True
22,True,True
23,True,True
26,True,False
27,False,True
28,False,True
29,True,False
30,True,False
31,True,False
32,False,True
33,False,False
34,False,True
35,False,True
36,False,True
37,True,False
38,True,True
39,True,False
40,True,True
41,True,False
42,True,False
43,True,False
44,True,True
45,False,False
46,False,True
47,False,False
48,True,True
49,True,True
