12,False,False
13,False,False
14,False,False
15,True,True
16,True,False
17,True,True
0,False,True
1,False,False
18,False,True
19,True,True
2,True,True
3,False,True
4,False,False
5,True,True
6,True,True
7,True,True
8,True,True
9,False,True
10,True,True
11,True,True
24,True,True
25,True,True
20,False,True
21,True,True
22,True,True
23,True,False
26,False,False
27,False,True
28,False,False
29,True,False
30,True,True
31,True,True
32,True,True
33,True,True
34,False,False
35,False,True
36,False,False
37,True,True
38,True,False
39,True,True
40,True,True
41,False,False
42,True,False
43,False,True
44,True,True
45,True,True
46,False,True
47,False,True
48,True,True
49,True,True
