12,True,True
13,True,True
14,True,False
15,False,False
16,True,True
17,True,False
0,True,True
1,False,False
18,True,True
19,True,False
2,False,False
3,False,False
4,False,False
5,True,True
6,True,True
7,True,True
8,False,False
9,False,True
10,True,True
11,True,False
24,False,False
25,False,False
20,True,False
21,True,True
22,True,False
23,True,False
26,True,False
27,False,True
28,True,True
29,True,False
30,True,False
31,True,True
32,False,True
33,True,False
34,False,True
35,False,True
36,False,True
37,False,True
38,False,False
39,True,False
40,True,True
41,True,True
42,True,True
43,False,False
44,True,True
45,True,True
46,False,True
47,False,False
48,True,False
49,True,True
