12,True,True
13,True,True
14,True,False
15,False,False
16,False,True
17,True,False
0,True,True
1,True,False
18,False,True
19,False,False
2,True,True
3,True,True
4,True,True
5,False,False
6,False,True
7,False,True
8,False,False
9,False,True
10,True,False
11,True,False
24,False,False
25,False,False
20,False,False
21,True,False
22,False,True
23,True,True
26,True,False
27,True,True
28,True,False
29,True,False
30,False,False
31,False,True
32,True,False
33,False,False
34,True,True
35,True,True
36,True,False
37,False,True
38,False,True
39,False,True
40,True,True
41,False,True
42,False,False
43,True,False
44,False,False
45,True,True
46,False,True
47,False,True
48,False,False
49,True,True
