12,False,False
13,False,True
14,True,False
15,True,True
16,True,False
17,False,False
0,False,True
1,True,True
18,True,True
19,False,False
2,False,False
3,False,True
4,True,False
5,True,True
6,True,True
7,False,True
8,True,True
9,False,True
10,True,True
11,True,False
24,True,True
25,True,True
20,True,True
21,True,True
22,True,True
23,True,False
26,False,True
27,True,True
28,False,True
29,True,False
30,True,True
31,True,True
32,False,True
33,True,False
34,False,True
35,False,True
36,True,False
37,True,True
38,True,True
39,False,False
40,True,True
41,True,False
42,True,True
43,True,False
44,True,True
45,True,True
46,False,True
47,False,False
48,False,True
49,True,True
