12,True,True
13,False,False
14,False,False
15,False,False
16,False,True
17,True,True
0,True,True
1,False,False
18,True,False
19,False,False
2,True,False
3,False,False
4,True,True
5,True,True
6,False,True
7,True,True
8,False,False
9,False,False
10,True,True
11,False,False
24,True,True
25,True,True
20,False,True
21,False,True
22,True,True
23,True,True
26,False,True
27,False,True
28,False,True
29,True,False
30,False,False
31,True,False
32,False,False
33,True,True
34,True,True
35,False,True
36,True,True
37,False,True
38,False,False
39,False,False
40,True,True
41,True,True
42,False,True
43,False,False
44,True,True
45,True,True
46,False,True
47,False,False
48,True,True
49,True,True
