12,True,True
13,True,True
14,True,True
15,False,False
16,False,True
17,True,True
0,False,False
1,False,False
18,True,True
19,False,False
2,True,True
3,True,True
4,True,True
5,False,False
6,True,True
7,False,False
8,False,False
9,False,False
10,True,True
11,True,True
24,False,True
25,True,True
20,True,False
21,False,True
22,False,True
23,True,True
26,True,False
27,False,True
28,True,False
29,False,True
30,False,True
31,False,True
32,False,False
33,True,True
34,True,True
35,True,True
36,True,False
37,True,False
38,False,True
39,False,True
40,True,True
41,False,False
42,False,False
43,True,False
44,False,True
45,True,True
46,False,True
47,False,False
48,True,True
49,True,True
