12,True,True
13,True,True
14,False,False
15,False,False
16,True,True
17,True,True
0,True,True
1,True,True
18,True,True
19,False,True
2,True,True
3,True,True
4,True,True
5,False,False
6,True,True
7,False,False
8,False,False
9,False,False
10,True,True
11,True,True
24,True,True
25,False,False
20,True,False
21,False,False
22,True,True
23,True,True
26,True,False
27,True,True
28,True,False
29,True,True
30,False,False
31,False,True
32,False,False
33,False,True
34,False,True
35,False,True
36,True,False
37,False,True
38,False,True
39,True,True
40,True,True
41,False,False
42,False,False
43,True,True
44,False,False
45,True,True
46,False,True
47,False,False
48,True,True
49,False,True
