12,True,True
13,True,True
14,False,False
15,False,False
16,True,True
17,True,True
0,False,True
1,True,True
18,False,True
19,True,True
2,True,True
3,False,True
4,True,True
5,True,False
6,True,True
7,True,True
8,False,False
9,True,False
10,True,True
11,True,True
24,True,True
25,False,False
20,False,False
21,False,True
22,False,True
23,True,True
26,False,False
27,False,True
28,True,True
29,True,False
30,False,False
31,False,False
32,True,True
33,False,True
34,True,True
35,True,True
36,True,True
37,False,True
38,False,False
39,False,False
40,True,True
41,False,True
42,False,False
43,True,False
44,False,True
45,True,True
46,False,False
47,False,True
48,False,True
49,False,True
