12,True,True
13,True,True
14,True,True
15,True,False
16,False,True
17,True,False
0,False,True
1,False,False
18,True,True
19,True,False
2,True,False
3,False,True
4,True,False
5,True,False
6,False,True
7,True,True
8,True,False
9,False,True
10,False,False
11,True,True
24,True,True
25,True,True
20,True,False
21,True,True
22,False,True
23,True,True
26,True,True
27,True,True
28,True,True
29,False,True
30,False,True
31,False,False
32,False,False
33,False,False
34,False,True
35,False,True
36,True,True
37,False,False
38,False,True
39,False,False
40,True,True
41,False,False
42,True,True
43,True,False
44,True,True
45,False,False
46,False,True
47,False,False
48,True,False
49,False,True
