12,False,False
13,True,False
14,False,False
15,True,True
16,False,True
17,False,False
0,False,False
1,True,True
18,False,False
19,True,True
2,True,True
3,False,True
4,False,False
5,True,True
6,False,False
7,True,False
8,False,False
9,False,False
10,True,True
11,True,True
24,True,True
25,False,False
20,True,True
21,False,True
22,True,True
23,False,True
26,False,False
27,False,True
28,False,True
29,True,True
30,True,False
31,False,True
32,False,False
33,True,True
34,True,False
35,True,True
36,False,True
37,False,True
38,False,False
39,False,False
40,True,True
41,False,False
42,False,True
43,True,True
44,True,True
45,False,True
46,False,True
47,False,True
48,True,True
49,False,True
