12,True,True
13,True,True
14,True,False
15,False,False
16,False,False
17,True,True
0,False,False
1,False,True
18,False,True
19,False,True
2,True,True
3,True,True
4,True,False
5,False,False
6,False,True
7,True,True
8,False,False
9,False,False
10,True,True
11,True,False
24,True,False
25,True,True
20,False,False
21,False,True
22,True,True
23,True,True
26,True,False
27,True,True
28,True,False
29,False,False
30,False,False
31,False,True
32,False,False
33,False,False
34,True,True
35,True,True
36,True,False
37,False,False
38,False,True
39,False,True
40,True,True
41,False,False
42,False,False
43,True,False
44,False,False
45,True,True
46,False,True
47,False,False
48,True,True
49,False,False
