12,True,True
13,True,True
14,False,False
15,False,True
16,True,True
17,False,True
0,False,True
1,True,True
18,False,True
19,True,False
2,False,False
3,True,True
4,True,True
5,False,False
6,False,False
7,False,True
8,True,True
9,False,True
10,True,True
11,True,False
24,False,False
25,False,False
20,False,True
21,True,True
22,True,True
23,True,True
26,False,False
27,False,True
28,False,True
29,False,False
30,True,True
31,True,True
32,True,True
33,False,False
34,False,False
35,False,True
36,True,True
37,True,True
38,False,False
39,True,True
40,True,True
41,True,True
42,True,True
43,True,False
44,True,True
45,True,False
46,False,True
47,False,True
48,True,True
49,True,True
