12,True,True
13,True,True
14,False,False
15,False,False
16,True,True
17,True,True
0,True,False
1,False,True
18,True,True
19,False,False
2,True,True
3,True,True
4,True,True
5,False,False
6,False,True
7,False,False
8,False,False
9,False,True
10,True,False
11,True,True
24,False,True
25,False,False
20,False,False
21,False,True
22,False,True
23,False,True
26,False,False
27,False,False
28,True,False
29,True,True
30,True,False
31,True,True
32,False,False
33,True,True
34,False,True
35,False,True
36,False,False
37,True,True
38,True,True
39,True,True
40,True,True
41,False,False
42,False,False
43,True,True
44,False,False
45,True,True
46,False,False
47,False,False
48,False,False
49,True,True
