12,True,True
13,True,False
14,False,False
15,False,False
16,False,False
17,False,False
0,False,False
1,False,True
18,True,True
19,True,False
2,False,True
3,False,False
4,True,True
5,True,True
6,False,True
7,False,False
8,True,True
9,True,True
10,False,False
11,True,False
24,True,True
25,False,False
20,False,False
21,False,True
22,True,True
23,True,True
26,False,False
27,False,False
28,True,False
29,True,True
30,False,True
31,False,False
32,False,True
33,True,False
34,False,True
35,False,True
36,False,True
37,False,False
38,False,True
39,False,False
40,False,False
41,True,False
42,False,False
43,True,True
44,False,False
45,False,True
46,False,False
47,False,True
48,True,False
49,True,True
