12,True,True
13,False,False
14,False,False
15,True,True
16,False,False
17,True,True
0,False,True
1,False,False
18,False,False
19,True,True
2,False,True
3,True,True
4,True,True
5,True,True
6,False,True
7,False,True
8,False,True
9,True,True
10,True,False
11,True,False
24,True,True
25,True,True
20,True,True
21,False,True
22,False,True
23,False,False
26,False,True
27,False,True
28,True,True
29,True,False
30,True,True
31,True,False
32,False,True
33,True,False
34,False,False
35,False,True
36,False,True
37,True,True
38,False,False
39,True,True
40,True,True
41,True,False
42,True,True
43,True,True
44,True,True
45,True,True
46,False,True
47,False,False
48,False,True
49,True,True
