12,True,True
13,True,True
14,True,True
15,False,False
16,True,True
17,False,False
0,True,True
1,True,True
18,True,True
19,True,True
2,True,True
3,True,True
4,True,False
5,False,False
6,True,True
7,False,True
8,False,False
9,False,False
10,True,True
11,True,True
24,False,False
25,False,False
20,False,False
21,True,True
22,True,True
23,True,True
26,True,False
27,False,True
28,True,True
29,True,True
30,True,True
31,False,True
32,True,True
33,False,True
34,True,True
35,True,True
36,True,True
37,False,False
38,False,True
39,False,False
40,True,True
41,True,True
42,False,False
43,True,False
44,False,True
45,True,True
46,False,True
47,False,False
48,True,False
49,True,True
