12,True,True
13,True,True
14,False,False
15,False,False
16,True,True
17,False,False
0,True,False
1,False,True
18,True,True
19,False,False
2,True,True
3,True,True
4,True,True
5,False,False
6,False,False
7,False,False
8,False,False
9,False,False
10,False,True
11,True,True
24,False,False
25,True,True
20,False,False
21,False,False
22,False,True
23,True,True
26,False,False
27,False,False
28,True,False
29,True,True
30,True,True
31,True,True
32,True,False
33,False,True
34,False,False
35,True,False
36,True,False
37,True,True
38,False,True
39,False,True
40,False,False
41,True,True
42,False,False
43,True,True
44,False,False
45,True,True
46,False,False
47,False,True
48,True,True
49,False,False
