12,False,False
13,False,False
14,False,False
15,True,True
16,False,False
17,True,True
0,False,True
1,False,False
18,True,False
19,False,True
2,False,True
3,False,True
4,True,True
5,True,False
6,False,False
7,False,True
8,True,True
9,False,False
10,True,True
11,False,True
24,True,True
25,True,True
20,True,True
21,True,False
22,True,True
23,True,True
26,False,False
27,True,False
28,True,True
29,True,False
30,True,True
31,False,False
32,False,False
33,False,False
34,True,True
35,True,True
36,False,True
37,False,True
38,False,False
39,True,False
40,True,True
41,False,False
42,True,True
43,False,True
44,True,False
45,False,True
46,False,False
47,False,True
48,True,True
49,False,False
