12,True,True
13,True,True
14,False,False
15,False,False
16,False,False
17,True,True
0,True,True
1,False,False
18,False,True
19,True,True
2,True,True
3,True,True
4,True,False
5,True,False
6,True,True
7,True,True
8,False,False
9,False,True
10,True,False
11,True,False
24,True,False
25,True,True
20,False,False
21,False,True
22,True,True
23,True,True
26,False,False
27,False,True
28,False,False
29,True,False
30,True,False
31,True,True
32,False,False
33,False,True
34,True,False
35,False,True
36,False,False
37,False,True
38,True,True
39,False,False
40,True,True
41,True,True
42,False,False
43,False,False
44,True,False
45,True,True
46,False,True
47,False,False
48,False,False
49,True,True
