12,True,False
13,False,False
14,False,False
15,True,True
16,True,False
17,False,True
0,False,True
1,False,False
18,True,True
19,True,True
2,True,True
3,False,False
4,False,True
5,True,True
6,True,True
7,True,True
8,False,True
9,False,True
10,True,True
11,True,True
24,True,True
25,True,True
20,False,False
21,False,True
22,False,True
23,True,True
26,False,True
27,False,True
28,False,False
29,False,False
30,True,True
31,False,True
32,False,False
33,True,True
34,False,True
35,False,True
36,False,True
37,True,True
38,True,True
39,True,True
40,True,True
41,True,True
42,True,True
43,False,False
44,True,False
45,True,True
46,False,True
47,False,True
48,True,True
49,False,True
