12,True,True
13,True,True
14,False,False
15,False,False
16,True,False
17,True,True
0,False,True
1,True,False
18,True,True
19,False,False
2,True,True
3,False,True
4,True,True
5,False,False
6,False,False
7,False,False
8,False,True
9,False,True
10,True,False
11,True,False
24,True,True
25,False,False
20,False,False
21,True,True
22,True,True
23,True,True
26,True,True
27,True,True
28,True,True
29,False,False
30,True,True
31,False,False
32,False,True
33,False,False
34,False,True
35,False,True
36,True,True
37,False,False
38,False,True
39,False,False
40,True,True
41,True,True
42,False,True
43,True,False
44,False,True
45,False,False
46,False,True
47,False,False
48,False,True
49,True,True
