12,True,True
13,False,True
14,True,False
15,True,False
16,False,False
17,True,False
0,False,False
1,True,False
18,False,True
19,True,True
2,True,True
3,True,True
4,True,True
5,False,False
6,True,True
7,False,False
8,False,False
9,False,False
10,True,True
11,True,True
24,False,False
25,True,True
20,False,False
21,True,False
22,False,False
23,True,True
26,False,False
27,False,False
28,True,False
29,True,True
30,True,False
31,False,False
32,True,True
33,False,True
34,True,True
35,True,True
36,True,True
37,False,True
38,False,True
39,False,True
40,True,True
41,False,False
42,False,False
43,True,True
44,False,True
45,True,True
46,False,False
47,False,False
48,False,True
49,True,True
