12,True,True
13,False,False
14,True,True
15,False,False
16,True,False
17,False,True
0,True,True
1,False,False
18,True,True
19,True,False
2,False,True
3,True,True
4,True,True
5,True,False
6,True,True
7,False,True
8,False,False
9,False,True
10,True,False
11,True,False
24,True,True
25,False,False
20,True,False
21,True,True
22,False,True
23,False,True
26,True,False
27,True,True
28,True,False
29,False,True
30,False,False
31,False,False
32,False,True
33,False,False
34,True,True
35,True,True
36,True,True
37,False,False
38,False,True
39,False,False
40,True,True
41,False,False
42,True,True
43,True,False
44,True,True
45,True,True
46,False,True
47,False,True
48,True,True
49,True,True
