12,False,True
13,True,True
14,True,False
15,False,False
16,False,True
17,True,False
0,False,True
1,True,True
18,False,True
19,False,False
2,True,True
3,True,True
4,True,False
5,False,False
6,False,True
7,False,False
8,False,False
9,False,False
10,True,True
11,True,True
24,True,True
25,False,False
20,False,False
21,False,True
22,True,True
23,True,True
26,False,False
27,False,False
28,True,False
29,True,True
30,False,True
31,True,False
32,False,True
33,True,True
34,True,True
35,True,True
36,True,True
37,False,False
38,False,True
39,True,True
40,True,True
41,False,False
42,False,True
43,False,True
44,False,False
45,True,True
46,False,False
47,False,False
48,False,False
49,True,False
