12,True,True
13,True,True
14,False,False
15,True,True
16,True,True
17,False,False
0,False,True
1,False,False
18,True,True
19,False,True
2,False,True
3,False,False
4,True,False
5,True,True
6,True,True
7,True,True
8,False,False
9,False,False
10,True,True
11,True,True
24,True,True
25,True,True
20,True,True
21,True,True
22,True,True
23,False,True
26,False,False
27,False,True
28,False,True
29,True,False
30,False,False
31,False,False
32,False,False
33,True,False
34,False,True
35,False,True
36,True,True
37,False,True
38,True,False
39,False,False
40,True,False
41,True,False
42,True,True
43,False,True
44,False,True
45,False,True
46,False,True
47,False,False
48,False,True
49,True,True
