12,True,True
13,False,False
14,True,True
15,True,True
16,True,True
17,False,False
0,True,True
1,True,True
18,True,True
19,False,True
2,True,True
3,False,False
4,False,False
5,True,True
6,True,True
7,False,True
8,True,True
9,False,True
10,True,True
11,True,True
24,True,True
25,True,True
20,True,True
21,True,True
22,False,True
23,False,True
26,False,True
27,False,True
28,False,True
29,True,True
30,True,True
31,True,False
32,False,True
33,True,False
34,False,False
35,False,True
36,False,True
37,False,True
38,True,False
39,True,False
40,True,True
41,True,False
42,True,True
43,True,False
44,True,True
45,True,True
46,False,True
47,False,True
48,False,True
49,False,True
