12,True,True
13,True,True
14,True,False
15,False,False
16,True,True
17,True,True
0,True,True
1,True,True
18,True,True
19,False,False
2,True,True
3,False,True
4,True,False
5,False,False
6,True,False
7,True,True
8,True,True
9,True,True
10,False,False
11,False,False
24,True,True
25,False,False
20,False,True
21,False,True
22,False,True
23,True,False
26,True,True
27,True,True
28,True,True
29,False,False
30,False,True
31,False,False
32,False,False
33,False,True
34,False,True
35,False,True
36,True,True
37,False,False
38,False,True
39,False,True
40,True,True
41,True,True
42,True,True
43,True,False
44,True,True
45,False,True
46,False,False
47,False,True
48,True,True
49,True,False
