12,True,True
13,True,True
14,False,False
15,True,True
16,False,False
17,False,True
0,False,True
1,True,False
18,True,True
19,True,True
2,False,True
3,False,True
4,True,True
5,False,True
6,True,True
7,True,True
8,True,True
9,True,True
10,True,False
11,True,True
24,True,True
25,True,True
20,False,False
21,True,True
22,False,True
23,True,True
26,True,True
27,False,True
28,True,False
29,True,False
30,True,True
31,True,True
32,False,True
33,True,False
34,False,True
35,False,True
36,True,True
37,False,True
38,True,False
39,True,True
40,True,True
41,True,False
42,False,True
43,True,False
44,True,True
45,True,True
46,False,True
47,False,False
48,True,True
49,True,True
