12,False,False
13,False,True
14,True,True
15,True,True
16,True,True
17,True,True
0,False,False
1,True,True
18,True,False
19,False,False
2,True,True
3,True,True
4,True,True
5,False,False
6,True,False
7,False,False
8,False,False
9,False,False
10,True,True
11,True,True
24,True,True
25,False,False
20,True,True
21,True,False
22,False,True
23,False,True
26,True,False
27,False,False
28,True,False
29,True,True
30,True,True
31,False,True
32,True,False
33,True,True
34,False,False
35,False,False
36,True,False
37,False,True
38,False,True
39,False,True
40,True,True
41,True,True
42,False,False
43,True,True
44,False,False
45,True,True
46,False,False
47,False,True
48,True,False
49,False,True
