12,True,True
13,False,True
14,True,True
15,True,False
16,False,False
17,True,True
0,False,False
1,True,True
18,True,True
19,True,False
2,True,True
3,True,True
4,True,True
5,False,False
6,True,True
7,False,False
8,False,True
9,False,True
10,True,False
11,True,False
24,False,False
25,True,True
20,True,False
21,True,True
22,False,True
23,True,True
26,True,False
27,True,True
28,True,False
29,False,False
30,True,True
31,True,True
32,False,False
33,True,False
34,False,True
35,True,True
36,True,True
37,False,False
38,False,True
39,True,True
40,True,True
41,False,True
42,False,True
43,True,False
44,False,True
45,False,True
46,False,True
47,False,False
48,True,True
49,False,True
