12,True,True
13,True,True
14,False,False
15,False,False
16,True,True
17,True,True
0,True,True
1,False,False
18,True,True
19,True,True
2,True,True
3,True,True
4,True,True
5,False,False
6,True,True
7,False,True
8,False,True
9,False,False
10,True,False
11,True,True
24,True,False
25,False,False
20,True,False
21,True,True
22,True,True
23,False,True
26,True,True
27,True,True
28,True,True
29,False,False
30,True,False
31,False,False
32,True,True
33,False,True
34,False,True
35,False,True
36,True,True
37,False,False
38,False,False
39,False,False
40,True,True
41,True,True
42,False,True
43,True,False
44,False,False
45,True,False
46,False,True
47,False,False
48,True,True
49,True,True
