12,True,True
13,False,True
14,False,False
15,True,True
16,True,True
17,True,True
0,True,True
1,True,True
18,True,True
19,False,False
2,False,False
3,True,True
4,True,False
5,True,True
6,True,True
7,False,True
8,True,False
9,True,True
10,True,True
11,True,False
24,False,False
25,True,True
20,False,False
21,True,False
22,True,False
23,True,False
26,False,True
27,True,True
28,True,True
29,True,False
30,True,False
31,True,False
32,False,False
33,False,False
34,True,True
35,True,True
36,True,True
37,False,True
38,False,False
39,False,False
40,True,True
41,True,True
42,True,True
43,True,False
44,True,True
45,True,True
46,False,True
47,False,False
48,True,False
49,False,True
