12,True,True
13,True,True
14,False,False
15,False,False
16,False,False
17,False,False
0,False,True
1,True,True
18,True,True
19,True,True
2,True,True
3,True,False
4,True,False
5,False,True
6,True,True
7,False,True
8,False,True
9,False,True
10,True,False
11,True,False
24,False,False
25,True,True
20,False,False
21,False,True
22,True,False
23,True,True
26,True,True
27,False,True
28,True,False
29,True,False
30,True,False
31,False,False
32,True,True
33,False,False
34,False,True
35,False,True
36,False,True
37,False,False
38,False,True
39,False,False
40,False,False
41,True,True
42,False,True
43,True,False
44,True,True
45,True,False
46,False,True
47,False,True
48,True,True
49,False,True
