12,False,False
13,False,False
14,False,False
15,True,True
16,False,False
17,False,True
0,True,True
1,True,True
18,True,True
19,False,False
2,False,True
3,True,True
4,True,True
5,False,False
6,True,True
7,False,True
8,True,True
9,True,True
10,True,True
11,True,False
24,True,True
25,True,True
20,True,True
21,True,True
22,False,True
23,False,False
26,False,True
27,True,True
28,False,False
29,True,False
30,True,True
31,True,True
32,True,True
33,False,False
34,False,False
35,False,True
36,False,True
37,False,True
38,True,False
39,True,True
40,True,True
41,True,True
42,True,True
43,False,False
44,False,True
45,False,True
46,False,True
47,False,True
48,True,True
49,True,True
