12,True,True
13,True,True
14,True,True
15,False,False
16,True,True
17,True,True
0,False,False
1,False,False
18,False,True
19,False,True
2,True,False
3,True,True
4,True,False
5,True,False
6,True,True
7,False,True
8,False,False
9,False,True
10,True,True
11,True,False
24,False,False
25,True,True
20,True,False
21,False,True
22,False,True
23,True,True
26,True,False
27,True,True
28,True,True
29,False,False
30,False,False
31,False,True
32,True,False
33,False,False
34,True,True
35,True,True
36,True,False
37,False,False
38,False,True
39,False,False
40,True,True
41,False,False
42,False,True
43,True,False
44,True,True
45,True,True
46,False,True
47,False,False
48,True,True
49,True,True
