12,True,True
13,True,True
14,True,True
15,False,True
16,True,True
17,True,True
0,False,False
1,True,True
18,True,True
19,False,False
2,False,True
3,False,False
4,False,False
5,True,True
6,False,False
7,False,False
8,True,False
9,True,True
10,False,False
11,False,True
24,True,True
25,True,True
20,False,False
21,False,True
22,True,True
23,True,True
26,True,False
27,True,False
28,True,False
29,False,True
30,False,True
31,False,True
32,True,True
33,False,False
34,False,False
35,False,False
36,False,True
37,False,False
38,False,True
39,True,False
40,True,True
41,False,True
42,False,False
43,False,False
44,False,True
45,False,False
46,False,True
47,False,False
48,True,True
49,False,True
