12,False,False
13,True,True
14,False,False
15,True,True
16,True,True
17,False,False
0,True,True
1,True,True
18,False,True
19,False,True
2,False,True
3,True,True
4,False,False
5,False,True
6,True,True
7,False,True
8,True,True
9,False,True
10,True,True
11,True,True
24,True,True
25,True,True
20,True,True
21,False,True
22,False,True
23,False,False
26,True,True
27,True,True
28,True,True
29,False,True
30,False,True
31,False,True
32,True,True
33,False,False
34,True,True
35,True,True
36,True,True
37,False,True
38,False,False
39,False,False
40,True,True
41,True,True
42,True,True
43,False,False
44,True,True
45,False,True
46,False,True
47,False,False
48,True,True
49,True,True
