12,True,True
13,False,True
14,True,True
15,True,False
16,False,True
17,False,False
0,False,False
1,True,True
18,True,True
19,False,True
2,True,False
3,False,False
4,True,True
5,True,True
6,True,True
7,False,False
8,False,True
9,True,True
10,False,False
11,True,False
24,True,True
25,False,False
20,False,False
21,True,True
22,False,False
23,False,True
26,False,False
27,False,False
28,True,True
29,True,True
30,True,False
31,False,False
32,True,True
33,False,False
34,False,True
35,False,True
36,True,True
37,False,False
38,False,False
39,False,False
40,False,False
41,False,False
42,True,True
43,True,True
44,True,True
45,False,False
46,False,True
47,False,False
48,True,True
49,False,True
