12,True,True
13,False,False
14,False,False
15,True,True
16,False,False
17,True,True
0,False,True
1,False,False
18,True,True
19,False,True
2,False,True
3,True,True
4,False,True
5,True,True
6,True,True
7,True,True
8,False,False
9,False,False
10,True,True
11,True,True
24,True,True
25,True,False
20,False,False
21,False,False
22,True,True
23,True,False
26,False,False
27,False,False
28,False,False
29,True,False
30,True,True
31,True,False
32,False,False
33,True,True
34,False,False
35,False,True
36,False,True
37,True,True
38,True,True
39,True,True
40,True,True
41,False,False
42,True,True
43,True,True
44,True,False
45,True,True
46,False,True
47,False,True
48,True,True
49,False,True
