12,True,True
13,True,True
14,True,True
15,True,True
16,True,True
17,False,False
0,False,True
1,False,True
18,True,True
19,False,True
2,True,False
3,True,False
4,False,False
5,True,True
6,True,True
7,False,True
8,False,True
9,True,True
10,True,True
11,True,True
24,True,True
25,True,False
20,False,True
21,True,True
22,False,True
23,False,True
26,True,True
27,False,True
28,False,False
29,False,False
30,True,True
31,True,True
32,False,False
33,False,False
34,False,True
35,True,True
36,False,True
37,True,True
38,True,False
39,True,False
40,True,True
41,True,True
42,True,True
43,False,False
44,True,True
45,True,True
46,False,True
47,False,True
48,True,True
49,True,True
