12,False,False
13,False,True
14,True,True
15,True,True
16,True,False
17,False,False
0,False,True
1,True,True
18,True,True
19,False,True
2,False,True
3,True,True
4,True,True
5,False,False
6,True,False
7,False,False
8,True,True
9,False,True
10,True,True
11,True,False
24,True,True
25,False,False
20,False,False
21,True,True
22,True,True
23,True,True
26,False,True
27,False,True
28,True,False
29,True,True
30,True,True
31,True,True
32,False,False
33,False,False
34,False,False
35,False,True
36,False,False
37,True,True
38,True,True
39,True,True
40,True,True
41,True,False
42,False,True
43,True,True
44,True,True
45,True,True
46,False,True
47,False,False
48,True,True
49,True,True
