12,True,True
13,False,False
14,True,False
15,True,True
16,True,True
17,False,False
0,True,True
1,True,True
18,True,True
19,True,False
2,True,True
3,True,False
4,False,False
5,False,True
6,True,True
7,True,True
8,True,True
9,False,True
10,True,True
11,False,True
24,True,True
25,True,True
20,False,False
21,True,True
22,False,True
23,False,True
26,False,True
27,False,True
28,False,True
29,True,False
30,True,False
31,False,True
32,False,True
33,False,False
34,False,False
35,False,True
36,False,True
37,True,True
38,True,False
39,True,True
40,True,True
41,True,True
42,True,True
43,False,False
44,True,True
45,True,False
46,False,True
47,False,False
48,True,True
49,True,True
