12,False,False
13,False,True
14,False,False
15,True,True
16,False,False
17,True,True
0,False,True
1,False,False
18,True,True
19,False,False
2,False,True
3,False,True
4,False,False
5,True,True
6,False,True
7,False,True
8,False,True
9,False,True
10,True,True
11,True,True
24,True,True
25,True,True
20,True,True
21,True,True
22,False,True
23,False,False
26,False,True
27,True,True
28,False,False
29,True,False
30,True,True
31,False,True
32,True,True
33,False,True
34,True,True
35,False,True
36,True,True
37,False,True
38,True,False
39,False,True
40,True,True
41,True,True
42,True,True
43,True,True
44,True,True
45,True,True
46,False,True
47,False,False
48,False,True
49,True,True
