12,True,False
13,True,False
14,False,False
15,True,True
16,True,True
17,True,True
0,True,True
1,True,True
18,True,True
19,True,False
2,True,True
3,True,True
4,False,True
5,False,False
6,True,True
7,True,True
8,True,True
9,True,True
10,False,False
11,False,False
24,True,True
25,False,False
20,True,False
21,False,False
22,True,True
23,True,True
26,True,False
27,False,True
28,True,False
29,False,True
30,True,True
31,False,True
32,False,False
33,False,True
34,False,False
35,False,False
36,False,False
37,False,True
38,False,True
39,True,True
40,True,True
41,False,False
42,False,True
43,False,False
44,False,False
45,True,True
46,False,False
47,False,True
48,True,True
49,False,False
