12,True,True
13,True,True
14,True,True
15,True,True
16,True,False
17,True,True
0,False,True
1,False,True
18,True,True
19,False,True
2,True,True
3,False,True
4,True,False
5,True,True
6,True,True
7,False,True
8,True,True
9,False,True
10,True,True
11,True,False
24,True,True
25,True,True
20,False,False
21,False,True
22,True,True
23,True,False
26,False,True
27,True,True
28,False,True
29,True,False
30,True,True
31,True,True
32,False,False
33,True,False
34,True,True
35,False,True
36,True,True
37,True,True
38,True,True
39,False,True
40,True,True
41,True,True
42,True,True
43,True,True
44,True,True
45,False,True
46,False,True
47,False,True
48,False,True
49,True,True
