12,False,True
13,True,True
14,False,False
15,True,False
16,False,True
17,False,False
0,False,True
1,True,True
18,True,True
19,False,False
2,True,True
3,True,False
4,True,False
5,False,False
6,True,True
7,False,True
8,False,False
9,False,True
10,True,True
11,True,False
24,False,False
25,True,True
20,False,False
21,True,False
22,False,False
23,False,True
26,True,False
27,False,True
28,True,True
29,True,False
30,False,False
31,False,True
32,True,True
33,False,False
34,True,True
35,False,True
36,False,True
37,False,True
38,False,True
39,False,False
40,False,False
41,True,True
42,False,False
43,True,False
44,False,True
45,True,False
46,False,False
47,False,False
48,True,True
49,False,True
