12,True,True
13,True,True
14,False,False
15,False,False
16,True,True
17,True,True
0,False,False
1,True,True
18,False,True
19,False,False
2,False,True
3,False,False
4,False,False
5,True,False
6,False,True
7,False,True
8,False,False
9,False,True
10,True,False
11,True,True
24,True,True
25,True,True
20,True,False
21,False,True
22,False,True
23,False,True
26,False,False
27,True,True
28,True,True
29,False,False
30,False,False
31,False,False
32,False,False
33,False,True
34,True,True
35,True,True
36,False,True
37,True,False
38,False,False
39,True,False
40,True,True
41,False,False
42,True,False
43,False,False
44,False,False
45,False,False
46,False,False
47,False,True
48,True,True
49,False,False
