12,True,True
13,True,False
14,False,False
15,True,True
16,False,False
17,True,True
0,True,True
1,True,True
18,True,True
19,True,True
2,False,True
3,False,True
4,True,False
5,True,False
6,True,True
7,True,True
8,True,True
9,True,True
10,True,False
11,True,False
24,True,True
25,True,True
20,False,True
21,False,True
22,True,True
23,True,True
26,False,True
27,False,True
28,False,False
29,False,False
30,True,True
31,True,True
32,False,True
33,True,False
34,False,False
35,False,True
36,False,True
37,True,True
38,True,False
39,True,True
40,True,True
41,False,False
42,True,True
43,False,True
44,False,False
45,False,True
46,False,True
47,False,False
48,True,True
49,True,True
