12,True,True
13,False,False
14,True,True
15,True,True
16,True,False
17,True,True
0,False,True
1,True,True
18,True,True
19,True,True
2,True,True
3,True,True
4,True,True
5,True,True
6,False,True
7,True,True
8,True,True
9,False,True
10,True,True
11,True,True
24,True,True
25,True,True
20,False,False
21,True,True
22,True,True
23,True,True
26,False,True
27,False,True
28,False,True
29,True,False
30,False,True
31,True,True
32,True,True
33,False,True
34,True,False
35,False,True
36,True,True
37,False,True
38,True,False
39,True,True
40,True,True
41,False,True
42,True,True
43,True,True
44,True,True
45,True,True
46,False,True
47,False,False
48,True,True
49,True,True
