12,True,True
13,True,True
14,False,False
15,False,False
16,True,True
17,True,False
0,False,False
1,True,True
18,True,True
19,True,False
2,True,True
3,True,True
4,True,True
5,False,False
6,True,True
7,True,True
8,False,False
9,False,True
10,True,True
11,True,True
24,False,False
25,True,False
20,False,False
21,True,False
22,False,True
23,True,True
26,True,False
27,True,True
28,True,False
29,True,True
30,False,True
31,False,True
32,True,False
33,False,True
34,False,True
35,False,True
36,True,False
37,False,True
38,False,True
39,False,True
40,False,False
41,False,True
42,False,False
43,True,False
44,False,True
45,True,True
46,False,False
47,False,False
48,True,True
49,False,False
