12,True,True
13,True,False
14,False,False
15,False,False
16,True,True
17,False,False
0,True,True
1,False,False
18,True,True
19,False,False
2,True,True
3,False,False
4,False,False
5,False,False
6,False,False
7,False,False
8,True,True
9,True,True
10,True,False
11,False,False
24,False,False
25,False,False
20,False,True
21,False,True
22,True,True
23,True,False
26,False,False
27,False,True
28,True,True
29,True,False
30,False,False
31,False,False
32,True,False
33,True,False
34,True,False
35,False,True
36,False,True
37,True,False
38,True,False
39,False,False
40,True,True
41,True,True
42,True,False
43,False,False
44,True,True
45,False,False
46,False,False
47,False,False
48,True,False
49,False,True
