12,True,True
13,False,False
14,False,False
15,True,True
16,False,False
17,True,True
0,False,True
1,True,True
18,False,True
19,True,True
2,True,True
3,True,True
4,False,False
5,True,True
6,False,False
7,True,True
8,True,True
9,True,True
10,True,True
11,True,True
24,True,True
25,True,True
20,False,True
21,True,True
22,True,True
23,True,True
26,True,True
27,False,True
28,True,True
29,True,False
30,False,True
31,True,True
32,False,False
33,False,True
34,True,True
35,True,True
36,True,True
37,False,True
38,False,False
39,False,False
40,True,True
41,True,False
42,True,True
43,True,True
44,True,True
45,True,True
46,False,True
47,False,False
48,False,True
49,True,True
