12,True,False
13,True,True
14,False,False
15,False,True
16,False,False
17,True,True
0,True,False
1,False,False
18,True,True
19,False,True
2,False,False
3,False,False
4,False,True
5,True,True
6,True,False
7,True,False
8,False,False
9,False,True
10,True,False
11,True,True
24,True,True
25,False,False
20,False,False
21,True,False
22,True,False
23,True,True
26,True,False
27,False,False
28,True,False
29,True,False
30,True,False
31,True,False
32,False,True
33,True,False
34,False,False
35,False,True
36,False,True
37,True,True
38,True,True
39,False,True
40,True,True
41,False,False
42,True,True
43,False,False
44,True,False
45,False,False
46,False,True
47,False,False
48,False,True
49,True,False
