12,False,True
13,False,False
14,True,False
15,True,True
16,True,True
17,False,True
0,True,True
1,False,False
18,True,True
19,False,False
2,False,True
3,False,True
4,True,True
5,True,False
6,True,False
7,False,False
8,True,True
9,True,True
10,True,False
11,True,True
24,True,True
25,True,True
20,False,True
21,False,True
22,True,True
23,True,True
26,False,False
27,False,True
28,False,False
29,True,True
30,True,True
31,True,True
32,False,False
33,True,False
34,False,False
35,False,True
36,False,True
37,True,True
38,True,False
39,True,True
40,True,True
41,False,False
42,False,True
43,True,True
44,True,True
45,False,True
46,False,True
47,False,False
48,False,True
49,True,True
