12,False,True
13,False,False
14,True,True
15,True,True
16,False,False
17,True,True
0,False,True
1,False,True
18,False,True
19,True,True
2,False,True
3,False,True
4,True,True
5,True,True
6,False,False
7,True,True
8,False,True
9,False,True
10,True,False
11,True,True
24,True,True
25,True,True
20,False,True
21,False,True
22,False,True
23,True,False
26,False,True
27,False,True
28,False,False
29,True,False
30,True,False
31,True,True
32,True,True
33,False,False
34,False,False
35,False,True
36,False,True
37,True,True
38,True,False
39,True,True
40,True,True
41,False,False
42,False,True
43,True,True
44,True,True
45,True,True
46,False,True
47,False,False
48,False,True
49,True,True
