12,False,False
13,False,False
14,True,True
15,True,True
16,True,False
17,True,True
0,False,False
1,True,True
18,True,False
19,False,False
2,True,True
3,False,True
4,True,True
5,True,False
6,True,False
7,True,False
8,True,True
9,True,True
10,False,False
11,True,False
24,True,True
25,False,False
20,True,False
21,False,True
22,True,True
23,True,True
26,True,False
27,False,True
28,True,True
29,False,True
30,False,True
31,False,False
32,False,False
33,True,True
34,False,True
35,False,True
36,False,True
37,True,True
38,False,True
39,True,True
40,True,True
41,False,False
42,False,False
43,True,False
44,False,False
45,False,True
46,False,True
47,False,True
48,True,True
49,True,True
