12,True,True
13,True,True
14,False,False
15,False,False
16,True,True
17,True,True
0,False,True
1,True,False
18,True,True
19,False,False
2,True,False
3,False,False
4,False,False
5,False,False
6,False,False
7,False,True
8,True,True
9,True,True
10,False,False
11,False,False
24,True,True
25,False,True
20,True,False
21,True,True
22,True,True
23,True,False
26,True,True
27,False,False
28,True,False
29,True,True
30,True,True
31,False,False
32,False,False
33,False,True
34,False,False
35,False,False
36,True,True
37,False,False
38,False,False
39,False,False
40,True,True
41,False,True
42,True,True
43,False,False
44,True,True
45,False,False
46,False,True
47,False,True
48,True,True
49,False,False
