12,True,False
13,True,True
14,False,False
15,True,True
16,True,True
17,False,False
0,True,False
1,False,True
18,False,False
19,True,True
2,False,False
3,True,False
4,True,True
5,True,False
6,False,True
7,True,True
8,True,False
9,False,True
10,True,True
11,True,True
24,True,True
25,True,True
20,True,True
21,True,True
22,False,False
23,False,True
26,True,True
27,False,True
28,True,True
29,True,False
30,True,False
31,False,True
32,False,True
33,True,False
34,True,True
35,False,True
36,True,True
37,False,True
38,False,False
39,False,False
40,True,True
41,True,True
42,True,True
43,False,False
44,False,True
45,True,False
46,False,True
47,False,True
48,True,True
49,False,False
