12,True,True
13,True,True
14,False,False
15,True,True
16,True,True
17,False,False
0,False,True
1,True,True
18,False,True
19,True,False
2,False,True
3,False,True
4,True,False
5,True,False
6,True,True
7,True,True
8,False,True
9,False,True
10,True,True
11,True,True
24,True,True
25,True,True
20,False,True
21,False,True
22,True,True
23,True,True
26,False,True
27,False,True
28,True,False
29,False,False
30,True,True
31,True,True
32,False,False
33,True,False
34,False,False
35,False,True
36,True,False
37,True,True
38,True,True
39,True,False
40,True,True
41,True,True
42,True,True
43,True,False
44,True,True
45,True,True
46,False,True
47,False,False
48,True,True
49,True,True
