12,True,True
13,False,False
14,False,True
15,False,True
16,False,False
17,True,True
0,True,False
1,False,False
18,True,True
19,False,False
2,False,True
3,True,True
4,False,True
5,False,False
6,True,False
7,False,False
8,True,False
9,False,False
10,False,True
11,True,True
24,True,True
25,False,False
20,False,True
21,False,False
22,False,True
23,True,False
26,False,False
27,False,False
28,False,False
29,True,True
30,True,True
31,True,False
32,True,True
33,True,True
34,False,False
35,False,False
36,False,False
37,True,True
38,True,True
39,True,True
40,False,True
41,True,False
42,True,False
43,False,True
44,True,False
45,False,True
46,False,False
47,False,True
48,True,True
49,False,True
