12,False,True
13,True,True
14,False,False
15,True,True
16,True,True
17,False,True
0,False,True
1,False,False
18,False,False
19,False,False
2,True,True
3,True,False
4,True,False
5,True,False
6,False,True
7,False,True
8,False,True
9,False,True
10,True,False
11,True,False
24,True,True
25,True,True
20,True,True
21,False,True
22,True,True
23,True,True
26,False,True
27,True,True
28,False,True
29,False,True
30,True,True
31,True,True
32,False,True
33,False,False
34,True,True
35,True,True
36,True,True
37,True,True
38,False,False
39,False,False
40,True,True
41,False,False
42,True,True
43,True,False
44,True,True
45,True,True
46,False,True
47,False,False
48,True,False
49,False,True
