12,True,True
13,False,False
14,False,False
15,True,True
16,False,False
17,False,False
0,True,True
1,False,False
18,True,True
19,True,True
2,False,True
3,False,True
4,False,True
5,True,True
6,True,True
7,True,True
8,False,True
9,False,True
10,True,True
11,True,True
24,True,True
25,True,False
20,False,False
21,True,False
22,True,True
23,False,False
26,False,True
27,False,False
28,True,False
29,True,False
30,True,True
31,True,True
32,False,True
33,True,True
34,False,False
35,False,False
36,False,False
37,True,True
38,True,True
39,True,True
40,True,True
41,True,False
42,True,True
43,True,True
44,True,False
45,True,True
46,False,True
47,False,True
48,True,True
49,True,True
