12,True,True
13,True,True
14,True,True
15,True,True
16,True,True
17,True,True
0,False,True
1,True,True
18,True,True
19,True,True
2,True,True
3,True,True
4,True,False
5,True,True
6,False,True
7,False,True
8,False,True
9,False,True
10,True,True
11,True,False
24,True,True
25,True,True
20,True,True
21,True,True
22,True,True
23,True,False
26,False,False
27,False,True
28,False,False
29,True,True
30,True,True
31,True,True
32,False,False
33,True,False
34,True,False
35,True,True
36,True,True
37,False,True
38,False,True
39,True,True
40,True,True
41,True,True
42,True,True
43,True,True
44,True,True
45,True,True
46,False,False
47,False,True
48,False,True
49,False,True
