12,True,True
13,True,True
14,True,False
15,False,False
16,True,True
17,True,False
0,True,True
1,True,True
18,True,True
19,True,False
2,True,True
3,True,True
4,True,False
5,False,False
6,True,True
7,False,False
8,True,True
9,True,True
10,False,False
11,False,False
24,True,True
25,False,False
20,False,False
21,False,True
22,True,True
23,True,True
26,False,False
27,False,True
28,True,True
29,True,True
30,True,True
31,False,False
32,True,False
33,False,False
34,True,True
35,True,True
36,True,True
37,False,False
38,False,True
39,False,False
40,True,True
41,False,False
42,False,False
43,False,False
44,True,True
45,False,True
46,False,True
47,False,False
48,False,True
49,True,True
