12,True,True
13,False,False
14,False,False
15,False,True
16,True,True
17,True,True
0,False,True
1,True,True
18,True,True
19,False,True
2,True,False
3,True,False
4,False,False
5,False,True
6,False,False
7,False,True
8,False,True
9,False,True
10,True,False
11,False,False
24,False,False
25,True,True
20,True,True
21,True,False
22,False,False
23,False,True
26,False,True
27,False,True
28,True,True
29,False,False
30,True,False
31,False,False
32,True,True
33,False,False
34,False,False
35,True,True
36,True,True
37,False,False
38,False,False
39,True,False
40,False,False
41,True,False
42,True,True
43,False,False
44,True,True
45,True,False
46,False,True
47,False,False
48,False,True
49,False,True
