12,True,True
13,True,True
14,False,True
15,False,True
16,True,True
17,True,True
0,False,False
1,True,True
18,True,True
19,False,False
2,True,True
3,False,True
4,False,True
5,True,False
6,True,False
7,True,True
8,True,False
9,True,True
10,False,True
11,False,False
24,True,True
25,False,False
20,False,False
21,False,False
22,True,True
23,True,True
26,False,False
27,True,True
28,False,False
29,False,True
30,False,True
31,True,True
32,True,False
33,True,True
34,False,False
35,False,False
36,False,True
37,True,True
38,True,True
39,True,True
40,True,True
41,True,False
42,True,True
43,False,False
44,True,False
45,False,True
46,False,True
47,False,False
48,True,True
49,False,True
