12,True,True
13,True,True
14,False,False
15,False,True
16,False,False
17,True,True
0,True,True
1,True,True
18,True,True
19,False,False
2,True,True
3,True,True
4,False,False
5,False,False
6,True,True
7,True,True
8,True,True
9,True,True
10,False,False
11,False,False
24,True,False
25,False,False
20,False,True
21,True,False
22,False,True
23,False,True
26,True,False
27,False,True
28,True,True
29,True,False
30,True,False
31,False,True
32,True,False
33,True,True
34,True,True
35,False,True
36,False,False
37,False,True
38,False,True
39,False,True
40,True,True
41,False,False
42,False,False
43,False,False
44,False,False
45,True,True
46,False,False
47,False,False
48,False,True
49,True,True
