12,True,True
13,True,True
14,False,False
15,False,False
16,True,True
17,False,False
0,True,True
1,False,False
18,True,True
19,True,False
2,False,False
3,True,False
4,True,False
5,True,True
6,True,True
7,True,True
8,True,True
9,True,True
10,False,False
11,False,False
24,False,False
25,True,True
20,False,False
21,False,True
22,True,True
23,True,True
26,False,False
27,False,True
28,False,False
29,True,True
30,True,True
31,True,True
32,False,False
33,False,False
34,True,True
35,False,True
36,True,True
37,False,False
38,False,False
39,False,False
40,False,False
41,True,True
42,True,True
43,True,False
44,True,True
45,True,False
46,False,True
47,False,False
48,True,False
49,False,True
