12,True,True
13,True,True
14,False,False
15,False,False
16,False,True
17,True,True
0,True,True
1,False,False
18,True,True
19,True,False
2,True,True
3,False,False
4,False,False
5,False,True
6,False,False
7,True,True
8,False,False
9,False,True
10,False,False
11,True,True
24,True,True
25,True,True
20,False,False
21,False,False
22,False,True
23,True,True
26,False,False
27,False,False
28,True,False
29,True,True
30,False,True
31,False,True
32,False,False
33,True,True
34,True,False
35,False,False
36,False,False
37,True,True
38,False,True
39,True,True
40,True,True
41,True,True
42,True,True
43,False,False
44,True,True
45,False,True
46,False,True
47,False,False
48,False,True
49,False,False
