12,True,True
13,False,False
14,True,True
15,False,True
16,False,False
17,False,True
0,False,True
1,True,True
18,True,True
19,True,True
2,True,True
3,True,True
4,True,True
5,False,False
6,False,True
7,False,False
8,True,False
9,False,False
10,False,True
11,True,True
24,True,True
25,False,False
20,True,True
21,True,True
22,False,True
23,False,False
26,False,False
27,False,True
28,True,True
29,False,False
30,False,False
31,False,False
32,True,False
33,True,True
34,True,True
35,True,True
36,True,False
37,False,False
38,False,True
39,False,False
40,False,True
41,False,False
42,False,False
43,False,True
44,False,False
45,True,True
46,False,False
47,False,True
48,True,True
49,True,False
