12,True,True
13,True,True
14,False,False
15,False,False
16,False,False
17,True,True
0,True,True
1,True,True
18,True,True
19,True,True
2,True,True
3,False,False
4,False,False
5,False,False
6,True,True
7,True,True
8,True,True
9,True,True
10,False,False
11,False,False
24,True,True
25,False,False
20,True,False
21,True,True
22,True,True
23,False,True
26,True,False
27,False,True
28,True,False
29,True,False
30,True,False
31,False,True
32,False,False
33,True,True
34,True,True
35,False,True
36,False,False
37,False,True
38,False,True
39,True,False
40,True,True
41,False,False
42,False,False
43,False,False
44,False,False
45,True,True
46,False,False
47,False,False
48,False,True
49,False,False
