12,False,False
13,True,True
14,False,False
15,True,True
16,False,False
17,True,True
0,True,False
1,False,True
18,True,True
19,True,True
2,True,True
3,False,False
4,True,True
5,True,True
6,True,True
7,True,True
8,False,False
9,True,True
10,True,True
11,True,True
24,False,False
25,True,True
20,True,False
21,True,False
22,True,False
23,True,True
26,True,True
27,True,True
28,True,False
29,True,False
30,True,False
31,True,True
32,False,True
33,True,False
34,False,True
35,False,True
36,True,True
37,False,True
38,False,True
39,False,True
40,False,False
41,True,True
42,True,True
43,True,False
44,True,False
45,False,False
46,False,True
47,False,False
48,True,True
49,True,True
