12,False,False
13,True,True
14,False,False
15,True,True
16,True,True
17,True,True
0,True,True
1,False,False
18,True,True
19,False,False
2,False,False
3,True,True
4,False,False
5,False,False
6,True,True
7,True,True
8,True,False
9,True,True
10,False,False
11,False,False
24,False,False
25,True,True
20,False,True
21,False,True
22,True,True
23,True,False
26,True,True
27,False,True
28,True,False
29,True,False
30,True,True
31,True,True
32,False,False
33,False,True
34,False,False
35,False,True
36,False,False
37,False,True
38,False,True
39,False,True
40,False,False
41,True,True
42,False,False
43,False,False
44,False,True
45,True,True
46,False,True
47,False,False
48,False,False
49,False,False
