12,True,True
13,False,False
14,False,False
15,True,False
16,False,False
17,True,True
0,False,False
1,False,False
18,True,True
19,True,True
2,True,True
3,False,False
4,True,True
5,True,True
6,False,False
7,False,False
8,False,False
9,True,True
10,True,True
11,True,True
24,False,False
25,False,False
20,False,True
21,True,False
22,False,False
23,False,True
26,False,False
27,False,True
28,True,False
29,True,False
30,True,False
31,False,True
32,True,True
33,True,False
34,True,True
35,False,True
36,False,True
37,False,True
38,False,True
39,False,True
40,True,True
41,False,False
42,True,True
43,False,False
44,True,True
45,True,False
46,False,False
47,False,True
48,False,False
49,True,True
