12,True,True
13,False,False
14,True,True
15,True,True
16,False,False
17,True,True
0,False,False
1,True,True
18,True,True
19,True,True
2,True,True
3,True,True
4,True,True
5,False,False
6,False,False
7,True,False
8,False,True
9,True,True
10,False,False
11,False,False
24,True,True
25,False,False
20,False,False
21,False,False
22,True,True
23,True,True
26,False,False
27,False,False
28,False,False
29,True,True
30,True,True
31,True,True
32,False,False
33,True,True
34,False,False
35,False,False
36,False,False
37,True,True
38,False,True
39,True,True
40,True,True
41,False,False
42,False,False
43,False,True
44,True,False
45,True,True
46,False,True
47,False,False
48,True,True
49,False,False
