12,True,True
13,False,False
14,False,False
15,False,False
16,True,True
17,True,True
0,True,True
1,False,False
18,True,True
19,False,False
2,True,True
3,True,False
4,True,True
5,True,True
6,False,True
7,False,True
8,False,False
9,True,True
10,True,True
11,False,False
24,False,False
25,True,True
20,True,True
21,True,False
22,True,False
23,False,False
26,True,False
27,True,False
28,True,False
29,False,False
30,True,False
31,False,True
32,False,True
33,False,False
34,False,True
35,False,True
36,True,True
37,False,True
38,False,True
39,False,True
40,True,False
41,True,True
42,False,True
43,True,True
44,True,True
45,True,True
46,False,False
47,False,True
48,False,False
49,False,False
