12,True,True
13,True,True
14,False,False
15,False,False
16,False,False
17,True,True
0,True,True
1,False,True
18,True,True
19,True,False
2,False,False
3,True,True
4,True,True
5,False,False
6,True,True
7,True,True
8,False,True
9,True,True
10,False,False
11,False,False
24,True,True
25,False,False
20,True,False
21,True,True
22,False,True
23,False,False
26,True,False
27,False,False
28,True,True
29,True,True
30,True,True
31,True,True
32,True,False
33,False,True
34,False,True
35,True,True
36,True,True
37,False,False
38,False,False
39,False,False
40,True,True
41,True,True
42,False,False
43,False,False
44,True,False
45,False,True
46,False,False
47,False,True
48,True,True
49,True,False
