12,True,True
13,True,True
14,False,False
15,False,False
16,True,True
17,True,True
0,True,True
1,False,False
18,True,True
19,True,True
2,False,False
3,False,False
4,False,False
5,True,True
6,True,True
7,True,True
8,True,True
9,True,True
10,False,False
11,False,False
24,True,True
25,True,True
20,True,False
21,False,True
22,True,False
23,False,False
26,True,False
27,False,True
28,True,False
29,True,False
30,True,False
31,False,True
32,False,True
33,True,False
34,False,True
35,False,True
36,False,True
37,True,True
38,False,True
39,True,False
40,True,True
41,False,False
42,True,True
43,False,False
44,True,True
45,True,False
46,False,True
47,False,False
48,True,True
49,True,True
