12,True,True
13,True,True
14,False,False
15,False,False
16,True,True
17,False,False
0,True,True
1,False,False
18,True,True
19,False,False
2,False,False
3,True,True
4,False,False
5,False,False
6,True,True
7,True,True
8,False,True
9,True,True
10,False,False
11,False,False
24,False,False
25,True,True
20,False,False
21,False,False
22,False,True
23,True,True
26,False,False
27,False,False
28,False,False
29,True,True
30,True,True
31,True,True
32,False,False
33,True,True
34,False,True
35,False,True
36,False,False
37,False,False
38,False,True
39,False,False
40,True,True
41,False,True
42,True,True
43,False,False
44,True,True
45,False,False
46,False,False
47,False,True
48,False,True
49,True,True
