12,True,True
13,False,False
14,False,True
15,False,False
16,False,True
17,False,False
0,True,True
1,False,False
18,True,True
19,True,True
2,False,False
3,False,False
4,True,True
5,True,True
6,True,True
7,True,True
8,True,True
9,True,True
10,False,False
11,False,False
24,False,False
25,True,True
20,True,False
21,False,True
22,True,True
23,False,False
26,True,False
27,False,True
28,True,False
29,True,False
30,True,False
31,False,True
32,False,True
33,False,True
34,False,True
35,False,True
36,False,False
37,False,True
38,False,True
39,True,True
40,False,False
41,True,True
42,True,True
43,False,False
44,True,True
45,True,True
46,False,False
47,False,False
48,False,False
49,False,False
