12,True,False
13,False,False
14,True,True
15,False,True
16,False,False
17,True,True
0,False,False
1,True,True
18,True,True
19,True,True
2,True,True
3,False,False
4,True,True
5,False,True
6,False,False
7,False,False
8,False,False
9,True,True
10,True,True
11,True,True
24,True,True
25,False,False
20,True,False
21,False,False
22,True,False
23,False,True
26,True,False
27,False,False
28,True,False
29,True,False
30,True,False
31,False,True
32,True,True
33,True,True
34,True,True
35,False,True
36,False,False
37,False,True
38,False,True
39,True,True
40,True,True
41,False,False
42,False,False
43,False,True
44,False,False
45,True,True
46,False,False
47,False,True
48,True,True
49,True,True
