12,True,False
13,True,True
14,False,False
15,True,True
16,False,False
17,True,True
0,True,True
1,True,True
18,True,True
19,False,True
2,True,True
3,False,False
4,True,True
5,True,True
6,True,True
7,True,True
8,True,True
9,True,True
10,True,True
11,False,False
24,False,False
25,False,True
20,False,False
21,False,True
22,True,False
23,False,False
26,False,False
27,False,True
28,True,False
29,True,False
30,True,False
31,False,True
32,False,True
33,True,True
34,False,True
35,False,True
36,False,False
37,False,True
38,False,True
39,True,True
40,False,True
41,True,True
42,True,True
43,False,False
44,False,False
45,True,True
46,False,False
47,False,False
48,False,True
49,False,True
