12,True,False
13,True,True
14,True,True
15,False,False
16,True,True
17,False,False
0,False,False
1,True,True
18,True,True
19,True,True
2,False,False
3,False,False
4,True,True
5,False,False
6,False,False
7,False,False
8,False,False
9,True,True
10,False,False
11,False,False
24,False,False
25,True,True
20,True,True
21,False,True
22,True,True
23,False,True
26,True,True
27,False,True
28,True,False
29,True,False
30,True,False
31,True,True
32,True,True
33,True,False
34,True,True
35,False,True
36,False,True
37,False,True
38,True,True
39,False,True
40,False,False
41,True,True
42,True,True
43,False,False
44,False,False
45,False,False
46,False,True
47,False,False
48,True,True
49,True,True
