12,True,True
13,True,True
14,False,False
15,False,False
16,True,True
17,False,False
0,False,True
1,False,False
18,False,True
19,False,False
2,True,True
3,True,False
4,True,False
5,False,True
6,True,True
7,True,True
8,False,False
9,False,True
10,True,False
11,True,True
24,False,False
25,True,True
20,False,False
21,True,False
22,False,True
23,True,True
26,True,True
27,False,False
28,True,False
29,True,True
30,True,True
31,False,True
32,True,True
33,True,False
34,True,True
35,True,True
36,True,False
37,False,False
38,False,True
39,False,True
40,True,True
41,True,False
42,False,False
43,False,False
44,True,True
45,False,False
46,False,True
47,False,False
48,True,True
49,True,True
