12,True,True
13,True,True
14,False,False
15,False,False
16,True,True
17,True,True
0,True,False
1,False,False
18,False,True
19,True,False
2,False,True
3,True,True
4,True,True
5,False,False
6,False,True
7,True,True
8,False,False
9,True,False
10,True,True
11,True,True
24,True,True
25,False,False
20,True,True
21,False,True
22,False,True
23,False,False
26,True,False
27,True,True
28,True,True
29,False,False
30,False,False
31,False,False
32,True,False
33,False,False
34,False,True
35,False,True
36,False,False
37,True,False
38,True,True
39,True,True
40,True,True
41,False,False
42,True,False
43,False,False
44,True,True
45,True,True
46,False,False
47,False,True
48,False,True
49,True,True
