12,False,True
13,False,True
14,True,False
15,True,True
16,False,False
17,True,True
0,True,True
1,False,False
18,True,True
19,True,True
2,False,False
3,False,True
4,False,False
5,True,False
6,True,True
7,True,True
8,True,True
9,True,True
10,False,False
11,False,False
24,False,False
25,True,True
20,True,True
21,True,True
22,False,True
23,False,False
26,False,True
27,True,True
28,True,True
29,True,False
30,False,False
31,True,False
32,True,False
33,False,False
34,True,True
35,False,True
36,False,True
37,True,False
38,True,True
39,True,False
40,True,True
41,False,False
42,True,True
43,False,False
44,True,True
45,False,False
46,False,True
47,False,True
48,False,False
49,False,True
