12,True,True
13,False,True
14,False,False
15,True,True
16,False,False
17,True,True
0,True,True
1,False,False
18,True,True
19,False,False
2,True,True
3,False,False
4,False,False
5,False,True
6,True,True
7,True,True
8,True,True
9,True,True
10,False,False
11,False,False
24,False,False
25,False,True
20,True,True
21,False,False
22,True,False
23,False,False
26,True,False
27,False,True
28,True,False
29,True,False
30,True,False
31,False,True
32,False,True
33,True,True
34,False,True
35,False,True
36,False,True
37,False,True
38,False,True
39,False,True
40,True,False
41,True,True
42,True,True
43,False,False
44,False,True
45,True,True
46,False,False
47,False,False
48,False,True
49,True,True
