12,True,True
13,True,True
14,True,True
15,False,False
16,False,False
17,True,True
0,True,True
1,False,False
18,True,True
19,True,True
2,True,False
3,False,False
4,False,False
5,True,True
6,False,True
7,True,True
8,True,True
9,False,True
10,False,False
11,True,False
24,False,True
25,False,False
20,True,True
21,True,True
22,False,False
23,False,False
26,False,False
27,False,True
28,True,False
29,False,True
30,False,True
31,False,False
32,False,True
33,False,False
34,True,True
35,True,True
36,True,True
37,False,False
38,False,False
39,False,False
40,True,True
41,False,False
42,True,True
43,False,False
44,True,True
45,True,False
46,False,True
47,False,False
48,True,True
49,False,True
