12,True,True
13,True,True
14,False,True
15,False,True
16,False,False
17,True,True
0,True,False
1,True,True
18,False,True
19,True,True
2,True,True
3,False,True
4,False,False
5,True,False
6,True,True
7,True,True
8,False,False
9,True,False
10,False,True
11,True,True
24,False,True
25,False,False
20,True,True
21,False,True
22,True,True
23,False,True
26,False,False
27,False,False
28,False,False
29,True,True
30,True,True
31,True,True
32,False,False
33,False,True
34,False,False
35,False,False
36,True,True
37,True,False
38,False,True
39,False,False
40,True,True
41,False,False
42,True,True
43,False,False
44,True,True
45,True,True
46,False,True
47,False,True
48,True,True
49,False,True
