12,True,True
13,False,False
14,True,False
15,True,False
16,True,True
17,True,True
0,True,True
1,False,False
18,True,True
19,False,True
2,False,True
3,False,False
4,False,False
5,True,True
6,True,True
7,True,True
8,True,True
9,True,True
10,False,False
11,False,False
24,False,False
25,False,True
20,False,False
21,False,True
22,False,True
23,True,True
26,False,False
27,False,True
28,True,True
29,True,False
30,True,False
31,False,True
32,False,True
33,False,False
34,True,True
35,False,True
36,False,False
37,False,True
38,False,True
39,False,False
40,True,True
41,True,True
42,True,True
43,False,False
44,True,True
45,True,True
46,False,True
47,False,True
48,False,False
49,False,False
