12,False,False
13,False,False
14,False,False
15,True,True
16,False,False
17,True,True
0,False,False
1,True,True
18,True,True
19,False,False
2,True,True
3,False,False
4,True,False
5,True,False
6,True,False
7,True,True
8,True,True
9,False,True
10,True,False
11,False,False
24,False,False
25,True,True
20,False,False
21,True,True
22,True,True
23,True,True
26,True,True
27,True,True
28,False,False
29,False,False
30,False,False
31,True,True
32,False,False
33,False,False
34,False,False
35,False,False
36,True,True
37,False,False
38,True,True
39,False,False
40,False,True
41,False,True
42,True,True
43,True,False
44,True,False
45,False,False
46,False,True
47,False,False
48,False,False
49,True,True
