12,True,True
13,True,True
14,False,False
15,False,False
16,True,True
17,False,True
0,True,True
1,False,False
18,True,True
19,True,True
2,True,True
3,False,True
4,False,True
5,True,False
6,True,True
7,True,True
8,True,False
9,False,True
10,False,False
11,True,True
24,True,True
25,True,False
20,True,False
21,True,True
22,True,True
23,False,False
26,True,False
27,False,True
28,False,False
29,True,True
30,True,True
31,True,True
32,False,False
33,False,True
34,False,False
35,False,True
36,False,False
37,True,True
38,True,True
39,True,True
40,True,True
41,False,False
42,True,True
43,True,True
44,True,True
45,True,False
46,False,False
47,False,False
48,True,True
49,False,True
