12,True,True
13,False,False
14,True,True
15,True,True
16,False,False
17,True,True
0,False,False
1,True,True
18,True,True
19,False,False
2,True,True
3,True,True
4,True,True
5,False,False
6,False,False
7,False,False
8,True,False
9,False,False
10,False,False
11,True,True
24,True,True
25,True,True
20,True,False
21,False,False
22,False,True
23,False,True
26,False,False
27,False,False
28,False,False
29,True,True
30,False,False
31,True,True
32,True,False
33,False,False
34,True,True
35,True,True
36,False,False
37,True,True
38,False,True
39,True,True
40,True,True
41,False,False
42,False,False
43,True,True
44,False,False
45,True,True
46,False,True
47,False,False
48,True,True
49,False,False
