12,False,False
13,False,False
14,True,True
15,True,True
16,False,False
17,True,True
0,True,True
1,False,True
18,False,False
19,False,True
2,True,True
3,False,False
4,False,True
5,True,True
6,False,False
7,True,False
8,False,False
9,True,False
10,False,True
11,True,True
24,True,True
25,False,False
20,False,False
21,False,True
22,True,True
23,True,True
26,False,True
27,False,False
28,True,True
29,True,True
30,True,True
31,False,False
32,True,True
33,False,True
34,False,True
35,False,True
36,False,False
37,False,False
38,False,False
39,False,False
40,True,True
41,False,False
42,True,False
43,False,True
44,True,False
45,False,False
46,False,False
47,False,True
48,True,True
49,False,False
