12,True,True
13,True,False
14,False,False
15,True,True
16,False,False
17,True,True
0,False,True
1,False,False
18,True,True
19,False,False
2,True,True
3,True,True
4,False,True
5,False,True
6,True,True
7,True,True
8,False,False
9,True,True
10,True,True
11,False,True
24,False,False
25,True,True
20,True,True
21,False,False
22,False,False
23,False,False
26,False,False
27,False,False
28,True,False
29,True,False
30,True,False
31,False,True
32,True,True
33,True,False
34,False,True
35,False,True
36,True,False
37,False,True
38,False,True
39,True,True
40,True,False
41,True,True
42,False,False
43,False,False
44,True,True
45,True,True
46,False,False
47,False,True
48,False,True
49,True,True
