12,True,True
13,False,False
14,False,False
15,False,False
16,False,False
17,True,True
0,True,True
1,False,False
18,True,True
19,False,True
2,False,True
3,False,False
4,False,True
5,True,True
6,True,True
7,True,True
8,True,True
9,True,True
10,False,False
11,False,False
24,False,False
25,False,False
20,False,False
21,False,False
22,True,False
23,True,True
26,True,False
27,False,False
28,True,False
29,True,True
30,True,False
31,False,False
32,False,True
33,False,True
34,False,True
35,False,True
36,False,False
37,False,True
38,False,True
39,False,True
40,True,True
41,False,False
42,True,True
43,False,False
44,True,True
45,False,False
46,False,False
47,False,True
48,False,False
49,True,False
