12,True,True
13,False,False
14,False,False
15,False,False
16,True,True
17,True,False
0,False,True
1,False,False
18,False,False
19,True,True
2,False,False
3,False,False
4,True,True
5,True,True
6,False,True
7,False,False
8,False,False
9,False,False
10,True,False
11,True,True
24,True,True
25,False,False
20,True,True
21,False,True
22,False,False
23,False,False
26,True,False
27,False,False
28,True,True
29,True,False
30,True,False
31,False,False
32,True,True
33,True,False
34,True,True
35,True,True
36,False,True
37,False,False
38,False,False
39,False,False
40,True,True
41,False,False
42,True,True
43,False,True
44,True,True
45,False,False
46,False,False
47,False,False
48,False,False
49,True,True
