12,True,True
13,True,True
14,False,False
15,False,False
16,True,True
17,True,True
0,True,True
1,True,True
18,True,True
19,False,False
2,False,True
3,False,True
4,True,True
5,True,False
6,False,False
7,False,False
8,False,False
9,False,False
10,True,True
11,True,True
24,True,True
25,True,True
20,True,False
21,True,True
22,True,True
23,True,False
26,False,False
27,True,False
28,True,False
29,False,True
30,False,True
31,False,True
32,False,True
33,True,True
34,False,False
35,False,False
36,False,False
37,False,True
38,False,True
39,True,True
40,True,True
41,True,True
42,True,False
43,True,True
44,False,False
45,False,True
46,False,True
47,False,False
48,True,False
49,False,True
