12,True,True
13,False,False
14,False,False
15,True,True
16,False,False
17,True,True
0,True,False
1,False,False
18,True,True
19,True,True
2,True,True
3,False,False
4,True,True
5,True,True
6,True,True
7,True,True
8,False,False
9,True,True
10,False,False
11,False,False
24,False,False
25,False,False
20,False,False
21,True,False
22,True,True
23,True,True
26,False,False
27,False,True
28,True,False
29,True,False
30,True,True
31,False,True
32,False,True
33,False,True
34,True,False
35,False,False
36,True,False
37,False,True
38,False,True
39,False,True
40,True,True
41,False,False
42,True,True
43,False,False
44,True,True
45,True,True
46,False,False
47,False,False
48,False,True
49,False,False
