12,True,True
13,True,True
14,False,False
15,True,False
16,False,False
17,False,False
0,True,True
1,True,True
18,True,True
19,False,False
2,True,True
3,False,False
4,True,True
5,True,True
6,True,True
7,True,True
8,False,False
9,False,False
10,True,True
11,True,True
24,False,False
25,True,True
20,True,False
21,True,False
22,False,False
23,True,False
26,True,False
27,True,True
28,True,False
29,True,True
30,True,False
31,False,True
32,True,True
33,False,True
34,False,True
35,False,True
36,True,False
37,False,True
38,False,True
39,False,True
40,True,True
41,True,True
42,False,True
43,True,False
44,False,False
45,True,True
46,False,False
47,False,True
48,False,False
49,False,False
