12,True,False
13,False,False
14,True,True
15,True,True
16,False,False
17,True,True
0,False,False
1,True,True
18,True,False
19,True,True
2,True,True
3,False,False
4,False,True
5,False,False
6,False,False
7,False,True
8,True,True
9,True,True
10,False,False
11,False,True
24,True,True
25,False,False
20,True,False
21,False,False
22,False,True
23,False,True
26,False,True
27,False,True
28,True,False
29,True,False
30,True,False
31,False,True
32,False,False
33,True,True
34,True,False
35,False,True
36,False,True
37,True,True
38,False,True
39,True,True
40,True,True
41,False,False
42,True,True
43,False,False
44,False,False
45,False,False
46,False,False
47,False,True
48,True,True
49,False,False
