12,True,True
13,True,True
14,False,False
15,False,False
16,False,False
17,True,True
0,True,False
1,True,True
18,True,True
19,False,True
2,True,True
3,False,False
4,True,False
5,True,False
6,True,True
7,True,True
8,True,True
9,True,True
10,True,True
11,False,False
24,True,False
25,False,False
20,True,False
21,True,False
22,True,False
23,True,True
26,True,False
27,False,True
28,True,False
29,True,False
30,True,True
31,False,True
32,False,True
33,False,False
34,False,True
35,False,True
36,True,True
37,False,True
38,False,True
39,False,True
40,True,True
41,False,True
42,True,True
43,False,False
44,False,False
45,False,False
46,False,True
47,False,False
48,True,True
49,False,False
