12,True,True
13,False,False
14,True,True
15,False,False
16,False,False
17,True,True
0,True,True
1,True,True
18,True,True
19,False,True
2,True,False
3,True,True
4,True,True
5,True,True
6,True,True
7,True,True
8,False,True
9,True,True
10,False,False
11,False,False
24,True,True
25,False,False
20,True,False
21,True,True
22,False,True
23,False,False
26,True,False
27,False,True
28,True,False
29,True,False
30,True,False
31,False,True
32,False,True
33,False,True
34,False,True
35,False,True
36,True,False
37,False,True
38,False,True
39,False,False
40,False,False
41,False,False
42,False,False
43,False,False
44,False,False
45,True,True
46,False,False
47,False,False
48,False,False
49,False,False
