12,True,True
13,False,False
14,False,False
15,False,False
16,False,False
17,True,True
0,False,False
1,False,False
18,False,True
19,True,True
2,False,False
3,True,True
4,False,False
5,False,False
6,False,False
7,False,False
8,True,True
9,True,True
10,False,False
11,False,False
24,False,False
25,True,True
20,False,True
21,False,True
22,False,True
23,False,True
26,False,False
27,True,True
28,False,False
29,False,False
30,False,False
31,True,True
32,True,False
33,False,False
34,True,False
35,True,True
36,True,True
37,True,False
38,True,True
39,True,False
40,False,True
41,False,False
42,False,False
43,False,False
44,True,True
45,True,True
46,False,True
47,False,False
48,False,True
49,True,True
