12,True,True
13,False,False
14,True,True
15,True,False
16,True,True
17,False,False
0,True,False
1,False,False
18,True,True
19,True,True
2,False,False
3,False,False
4,True,True
5,True,True
6,True,True
7,True,False
8,False,False
9,False,False
10,True,True
11,True,True
24,True,True
25,True,True
20,False,False
21,True,False
22,True,False
23,False,False
26,True,False
27,False,False
28,True,False
29,True,False
30,True,False
31,True,True
32,True,True
33,True,True
34,True,True
35,False,True
36,False,False
37,False,True
38,False,True
39,False,True
40,False,False
41,False,False
42,True,False
43,True,True
44,True,True
45,False,True
46,False,False
47,False,False
48,True,True
49,True,True
