12,False,False
13,False,False
14,False,False
15,True,True
16,False,False
17,True,True
0,False,True
1,True,True
18,True,True
19,False,True
2,True,True
3,False,False
4,True,True
5,True,True
6,True,True
7,True,True
8,False,False
9,False,True
10,True,True
11,True,True
24,False,False
25,False,False
20,True,False
21,True,False
22,True,False
23,False,False
26,True,False
27,False,False
28,True,False
29,True,False
30,True,False
31,False,True
32,False,True
33,False,True
34,False,True
35,False,True
36,True,False
37,False,True
38,False,True
39,False,True
40,False,False
41,False,False
42,True,True
43,True,True
44,False,False
45,True,True
46,False,False
47,False,True
48,True,True
49,False,False
