12,True,True
13,True,True
14,False,False
15,False,False
16,True,True
17,False,False
0,True,True
1,False,False
18,True,True
19,True,True
2,True,True
3,True,True
4,True,True
5,False,False
6,True,True
7,True,False
8,False,True
9,True,True
10,False,False
11,False,False
24,False,False
25,False,True
20,True,False
21,True,True
22,False,True
23,False,True
26,True,False
27,False,True
28,False,False
29,True,True
30,True,False
31,True,True
32,True,True
33,True,False
34,False,False
35,False,True
36,False,False
37,True,True
38,True,True
39,True,True
40,False,False
41,True,True
42,False,True
43,False,False
44,True,True
45,True,False
46,False,True
47,False,False
48,True,False
49,True,True
