12,True,True
13,True,True
14,False,False
15,False,False
16,False,False
17,True,True
0,True,False
1,False,True
18,True,True
19,True,False
2,True,True
3,False,False
4,False,False
5,False,False
6,True,True
7,True,True
8,True,False
9,True,True
10,False,False
11,False,True
24,False,False
25,False,False
20,True,False
21,True,True
22,True,True
23,False,True
26,False,False
27,True,True
28,False,False
29,False,False
30,False,True
31,True,True
32,True,True
33,False,False
34,True,True
35,True,True
36,True,True
37,False,False
38,False,True
39,False,False
40,False,True
41,True,True
42,True,True
43,True,False
44,True,True
45,True,False
46,False,True
47,False,False
48,True,False
49,False,True
