12,True,True
13,True,True
14,True,True
15,False,False
16,False,False
17,True,True
0,False,False
1,False,False
18,True,True
19,True,True
2,False,False
3,True,True
4,True,True
5,False,False
6,True,True
7,True,True
8,False,False
9,True,True
10,True,True
11,True,False
24,False,False
25,True,True
20,False,False
21,True,True
22,True,True
23,True,True
26,True,False
27,True,True
28,True,False
29,True,False
30,True,False
31,False,True
32,True,True
33,True,True
34,False,True
35,False,True
36,False,False
37,False,True
38,False,True
39,False,True
40,True,False
41,False,False
42,False,False
43,False,False
44,True,True
45,True,True
46,False,False
47,False,False
48,False,False
49,True,False
