12,True,True
13,True,True
14,False,False
15,False,False
16,True,True
17,False,False
0,True,False
1,True,True
18,False,True
19,False,False
2,True,True
3,True,True
4,False,False
5,False,False
6,True,True
7,True,True
8,False,False
9,True,True
10,True,False
11,True,False
24,False,False
25,True,True
20,False,False
21,False,True
22,True,True
23,True,True
26,False,False
27,False,True
28,True,False
29,True,False
30,True,True
31,True,True
32,False,False
33,False,False
34,False,True
35,False,True
36,True,True
37,True,True
38,False,True
39,True,False
40,False,True
41,True,True
42,True,True
43,False,False
44,True,True
45,True,True
46,False,True
47,False,False
48,False,False
49,True,True
