12,False,False
13,False,True
14,True,True
15,True,True
16,True,True
17,True,True
0,True,False
1,True,True
18,True,True
19,False,True
2,True,False
3,False,False
4,True,True
5,True,True
6,True,True
7,True,False
8,False,True
9,True,True
10,False,False
11,True,False
24,True,False
25,False,False
20,True,True
21,True,True
22,True,True
23,True,True
26,True,True
27,True,True
28,True,True
29,True,False
30,True,False
31,True,False
32,False,True
33,True,True
34,False,False
35,False,False
36,True,True
37,False,False
38,False,False
39,False,False
40,False,True
41,True,True
42,True,True
43,False,False
44,False,True
45,False,False
46,False,True
47,False,False
48,True,True
49,True,True
