12,True,True
13,True,True
14,False,False
15,False,False
16,False,False
17,True,True
0,False,False
1,True,True
18,True,True
19,False,False
2,True,True
3,True,False
4,False,False
5,False,False
6,False,False
7,True,True
8,True,True
9,True,True
10,True,False
11,False,False
24,False,False
25,True,True
20,False,False
21,False,False
22,False,True
23,False,True
26,False,True
27,False,True
28,True,False
29,True,False
30,True,False
31,False,True
32,False,False
33,True,False
34,True,False
35,False,True
36,False,True
37,True,True
38,False,True
39,True,False
40,True,True
41,True,True
42,False,False
43,False,False
44,False,False
45,True,True
46,False,True
47,False,True
48,False,True
49,False,False
