12,True,True
13,True,False
14,True,True
15,False,False
16,True,True
17,False,True
0,True,True
1,True,True
18,True,True
19,False,False
2,True,True
3,True,True
4,True,False
5,False,False
6,True,True
7,True,True
8,False,False
9,False,False
10,True,True
11,True,True
24,True,True
25,False,False
20,False,False
21,True,True
22,False,True
23,False,True
26,True,False
27,True,True
28,True,True
29,False,False
30,False,False
31,False,False
32,True,True
33,False,False
34,True,True
35,True,True
36,False,False
37,False,False
38,True,True
39,False,False
40,False,True
41,True,True
42,False,False
43,False,False
44,False,True
45,True,True
46,False,False
47,False,True
48,True,True
49,False,False
