12,True,True
13,True,True
14,False,False
15,False,False
16,True,True
17,True,True
0,False,False
1,False,True
18,False,True
19,True,True
2,True,True
3,True,True
4,True,True
5,False,False
6,False,False
7,False,False
8,False,False
9,False,True
10,True,False
11,True,True
24,False,False
25,False,False
20,False,False
21,False,True
22,True,True
23,True,True
26,True,False
27,False,True
28,False,False
29,True,False
30,True,True
31,True,True
32,True,False
33,False,True
34,False,False
35,False,False
36,False,False
37,True,True
38,True,True
39,True,True
40,True,True
41,False,False
42,False,False
43,False,False
44,False,False
45,True,True
46,False,False
47,False,True
48,False,True
49,False,False
