12,False,True
13,False,False
14,True,True
15,True,True
16,True,True
17,False,False
0,True,True
1,False,False
18,True,True
19,False,True
2,True,True
3,False,False
4,True,True
5,True,True
6,True,True
7,True,False
8,False,False
9,False,False
10,True,True
11,True,True
24,False,False
25,True,True
20,False,False
21,True,False
22,True,False
23,True,False
26,True,False
27,False,False
28,True,True
29,True,True
30,True,False
31,False,True
32,True,True
33,False,True
34,False,True
35,False,True
36,True,False
37,False,True
38,False,True
39,False,True
40,False,False
41,False,False
42,False,False
43,True,True
44,False,True
45,True,True
46,False,False
47,False,True
48,False,True
49,False,False
