12,True,True
13,True,True
14,True,True
15,False,False
16,False,False
17,True,True
0,True,True
1,False,False
18,True,True
19,True,True
2,False,False
3,False,False
4,False,False
5,False,False
6,False,False
7,True,True
8,True,True
9,False,False
10,True,True
11,True,False
24,False,False
25,True,True
20,True,False
21,False,True
22,True,True
23,False,True
26,True,True
27,False,True
28,True,False
29,True,False
30,True,False
31,False,True
32,False,False
33,False,True
34,False,False
35,False,True
36,True,False
37,False,False
38,False,True
39,False,False
40,False,False
41,False,True
42,False,False
43,False,False
44,False,False
45,True,True
46,False,True
47,False,False
48,True,False
49,False,False
