12,True,True
13,True,True
14,False,False
15,False,False
16,True,True
17,True,True
0,False,True
1,False,False
18,True,True
19,True,False
2,True,True
3,True,True
4,True,False
5,False,False
6,True,False
7,False,False
8,False,False
9,False,False
10,True,False
11,True,True
24,False,False
25,True,True
20,True,True
21,True,True
22,True,True
23,True,False
26,False,False
27,True,True
28,True,True
29,False,False
30,False,False
31,False,False
32,True,False
33,False,False
34,True,True
35,True,True
36,True,False
37,False,False
38,False,False
39,False,False
40,True,True
41,False,True
42,True,False
43,True,False
44,False,True
45,True,False
46,False,True
47,False,True
48,True,True
49,False,True
