12,False,False
13,True,True
14,False,False
15,False,False
16,True,True
17,False,True
0,True,True
1,False,False
18,True,True
19,True,False
2,True,False
3,False,False
4,True,False
5,True,True
6,True,True
7,True,True
8,True,True
9,True,True
10,False,False
11,False,False
24,False,False
25,True,True
20,True,True
21,True,True
22,True,True
23,False,False
26,True,True
27,False,True
28,True,False
29,False,False
30,True,False
31,True,True
32,False,True
33,False,False
34,False,True
35,False,True
36,True,True
37,False,True
38,False,True
39,False,False
40,False,False
41,True,True
42,False,False
43,False,False
44,True,True
45,True,True
46,False,True
47,False,False
48,True,False
49,False,False
