12,True,True
13,True,True
14,False,False
15,False,False
16,False,False
17,True,True
0,False,False
1,True,True
18,True,True
19,True,True
2,True,True
3,False,False
4,False,False
5,False,True
6,True,True
7,True,True
8,False,False
9,True,True
10,False,False
11,False,False
24,True,True
25,True,True
20,True,True
21,True,False
22,False,True
23,False,False
26,True,False
27,False,True
28,True,False
29,True,False
30,True,False
31,False,True
32,False,False
33,False,True
34,False,False
35,False,True
36,False,True
37,False,True
38,False,True
39,False,True
40,True,True
41,False,True
42,False,False
43,False,False
44,True,True
45,True,True
46,False,False
47,False,True
48,False,True
49,False,False
