12,True,True
13,False,False
14,True,True
15,True,True
16,False,False
17,True,True
0,True,True
1,False,False
18,True,True
19,True,True
2,True,True
3,False,False
4,False,False
5,True,True
6,True,True
7,True,True
8,False,False
9,True,True
10,False,False
11,False,False
24,True,True
25,True,True
20,True,False
21,True,True
22,True,False
23,True,False
26,True,False
27,False,True
28,True,False
29,True,False
30,True,False
31,False,True
32,False,True
33,False,True
34,False,False
35,False,True
36,False,True
37,False,True
38,False,True
39,False,True
40,True,False
41,False,False
42,True,True
43,False,False
44,True,True
45,False,True
46,False,False
47,False,False
48,False,True
49,True,True
