12,False,False
13,False,False
14,True,True
15,True,True
16,False,False
17,True,False
0,False,False
1,True,True
18,True,True
19,True,True
2,True,True
3,False,False
4,False,False
5,True,True
6,False,False
7,True,True
8,True,True
9,True,True
10,False,False
11,False,False
24,False,False
25,False,False
20,True,True
21,False,False
22,True,False
23,False,True
26,False,False
27,False,True
28,True,False
29,True,False
30,True,True
31,False,False
32,True,True
33,True,True
34,True,False
35,False,True
36,False,True
37,True,True
38,False,True
39,True,True
40,False,False
41,False,False
42,True,True
43,False,False
44,False,False
45,False,False
46,False,False
47,False,True
48,False,True
49,False,False
