12,False,True
13,True,True
14,True,True
15,False,False
16,True,True
17,False,False
0,False,False
1,True,False
18,True,True
19,False,True
2,True,True
3,True,True
4,True,True
5,False,False
6,True,True
7,True,True
8,False,False
9,False,False
10,True,True
11,True,True
24,True,True
25,True,True
20,True,False
21,True,False
22,True,True
23,False,True
26,True,False
27,False,True
28,True,False
29,True,False
30,True,False
31,False,True
32,False,False
33,False,False
34,True,True
35,False,True
36,True,False
37,False,True
38,False,True
39,False,False
40,False,False
41,True,True
42,False,False
43,False,True
44,False,False
45,True,True
46,False,False
47,False,True
48,True,True
49,False,False
