12,True,True
13,True,True
14,False,False
15,False,False
16,True,True
17,False,True
0,False,True
1,True,True
18,True,True
19,False,True
2,True,True
3,True,True
4,True,False
5,False,False
6,False,False
7,False,False
8,False,False
9,False,False
10,True,True
11,True,True
24,False,False
25,True,True
20,True,False
21,True,True
22,True,True
23,True,True
26,False,False
27,True,True
28,True,False
29,True,True
30,False,True
31,False,True
32,False,False
33,True,True
34,True,True
35,True,True
36,True,True
37,False,False
38,False,True
39,False,False
40,True,True
41,False,False
42,False,False
43,True,False
44,False,False
45,True,True
46,False,True
47,False,True
48,True,True
49,False,False
