12,True,False
13,False,False
14,True,True
15,True,True
16,False,False
17,True,True
0,True,True
1,True,True
18,True,False
19,True,True
2,True,True
3,True,True
4,True,True
5,False,False
6,True,False
7,True,False
8,False,True
9,False,False
10,False,False
11,True,True
24,True,True
25,False,False
20,False,False
21,True,True
22,True,True
23,True,True
26,False,False
27,False,False
28,True,False
29,True,True
30,True,True
31,False,True
32,True,True
33,False,True
34,False,False
35,False,False
36,False,False
37,True,False
38,False,True
39,True,True
40,True,True
41,False,False
42,False,True
43,True,True
44,True,False
45,True,True
46,False,False
47,False,True
48,True,True
49,False,False
