12,True,True
13,True,True
14,True,True
15,False,False
16,False,False
17,True,True
0,True,True
1,True,False
18,True,True
19,True,True
2,True,True
3,False,False
4,False,False
5,False,True
6,False,False
7,True,True
8,True,True
9,True,True
10,False,False
11,False,False
24,True,True
25,False,False
20,False,False
21,True,True
22,False,True
23,False,False
26,False,True
27,False,True
28,True,False
29,True,False
30,False,False
31,False,True
32,False,True
33,False,True
34,True,False
35,False,True
36,False,True
37,False,True
38,False,True
39,True,True
40,True,True
41,True,True
42,True,True
43,False,False
44,False,False
45,False,False
46,False,False
47,False,False
48,False,False
49,False,False
