12,True,True
13,True,True
14,False,True
15,False,False
16,True,True
17,True,True
0,False,False
1,True,True
18,False,False
19,False,False
2,True,True
3,True,True
4,False,False
5,False,False
6,True,True
7,True,True
8,False,False
9,True,True
10,False,False
11,True,True
24,False,False
25,False,True
20,False,False
21,False,True
22,False,True
23,True,True
26,True,True
27,True,True
28,True,True
29,False,False
30,False,True
31,False,False
32,False,False
33,False,False
34,False,True
35,True,True
36,False,False
37,True,False
38,True,True
39,True,False
40,True,True
41,False,True
42,True,True
43,False,False
44,True,True
45,True,True
46,False,True
47,False,False
48,True,True
49,True,True
