12,False,True
13,False,True
14,False,False
15,True,False
16,False,False
17,True,True
0,False,False
1,False,False
18,True,True
19,False,False
2,False,True
3,True,True
4,False,False
5,False,False
6,False,False
7,True,True
8,False,False
9,True,True
10,True,True
11,True,True
24,False,False
25,True,True
20,True,True
21,True,False
22,False,True
23,False,True
26,True,False
27,False,True
28,True,False
29,True,False
30,True,False
31,False,True
32,True,False
33,False,False
34,False,False
35,False,False
36,False,False
37,False,True
38,False,True
39,False,False
40,False,False
41,False,True
42,False,False
43,False,False
44,True,True
45,True,True
46,False,False
47,False,False
48,False,False
49,False,True
