12,False,False
13,False,False
14,True,True
15,False,False
16,True,True
17,True,True
0,True,False
1,False,False
18,False,False
19,True,True
2,True,True
3,True,True
4,True,True
5,False,False
6,False,False
7,False,False
8,False,False
9,False,False
10,True,True
11,True,True
24,False,True
25,False,False
20,False,False
21,False,True
22,True,True
23,True,True
26,False,False
27,False,False
28,True,False
29,True,True
30,True,True
31,True,True
32,True,False
33,True,True
34,False,False
35,False,False
36,False,False
37,False,True
38,False,True
39,False,True
40,True,True
41,False,False
42,False,False
43,True,True
44,False,True
45,True,True
46,False,False
47,False,True
48,False,True
49,True,False
