12,True,True
13,True,True
14,True,True
15,True,True
16,False,False
17,True,True
0,False,False
1,False,True
18,True,True
19,True,True
2,True,True
3,True,True
4,True,True
5,False,False
6,False,False
7,False,False
8,False,False
9,True,True
10,False,True
11,True,True
24,True,True
25,True,True
20,True,False
21,True,False
22,False,True
23,True,True
26,True,False
27,False,False
28,True,False
29,True,True
30,True,True
31,True,True
32,False,False
33,False,True
34,False,False
35,False,False
36,False,False
37,True,True
38,True,True
39,True,True
40,True,True
41,False,False
42,False,False
43,False,False
44,True,False
45,True,True
46,False,True
47,False,False
48,True,True
49,False,False
