12,True,False
13,False,False
14,True,True
15,True,True
16,False,False
17,True,True
0,True,False
1,False,True
18,True,False
19,True,True
2,True,True
3,True,True
4,False,False
5,True,False
6,True,True
7,True,True
8,False,False
9,False,False
10,True,True
11,True,True
24,True,True
25,True,True
20,False,False
21,False,False
22,True,True
23,True,True
26,False,False
27,False,False
28,False,False
29,True,False
30,False,False
31,True,True
32,True,False
33,False,False
34,True,True
35,False,True
36,False,False
37,False,True
38,False,True
39,False,False
40,True,True
41,False,False
42,True,False
43,False,False
44,True,True
45,True,True
46,False,False
47,False,True
48,True,True
49,True,False
