12,True,False
13,False,True
14,True,True
15,False,False
16,False,False
17,False,True
0,True,True
1,True,True
18,True,True
19,True,True
2,True,True
3,False,True
4,True,True
5,True,True
6,True,True
7,True,True
8,True,True
9,False,False
10,True,True
11,False,False
24,False,True
25,False,False
20,True,False
21,True,False
22,True,True
23,False,False
26,True,False
27,False,True
28,True,False
29,True,False
30,True,False
31,False,True
32,False,True
33,False,True
34,False,True
35,False,True
36,False,False
37,False,True
38,False,True
39,False,True
40,True,True
41,True,True
42,False,False
43,False,False
44,False,False
45,True,True
46,False,False
47,False,True
48,True,True
49,False,False
