12,True,False
13,True,False
14,True,True
15,False,True
16,False,False
17,True,True
0,True,False
1,True,True
18,True,True
19,False,False
2,True,True
3,True,True
4,True,True
5,False,False
6,True,True
7,True,True
8,False,False
9,False,False
10,True,True
11,True,True
24,True,True
25,False,False
20,False,False
21,False,False
22,True,True
23,True,True
26,False,False
27,True,False
28,True,True
29,False,True
30,False,True
31,False,True
32,False,True
33,True,True
34,True,True
35,False,True
36,True,True
37,False,True
38,False,True
39,False,True
40,True,True
41,False,False
42,False,False
43,False,True
44,False,False
45,True,True
46,False,False
47,False,True
48,False,True
49,True,False
