12,True,True
13,False,True
14,False,False
15,True,False
16,True,True
17,True,True
0,True,True
1,False,False
18,True,True
19,False,True
2,False,True
3,True,True
4,False,True
5,False,False
6,True,False
7,True,False
8,False,False
9,True,True
10,False,False
11,False,True
24,False,False
25,False,False
20,False,False
21,True,False
22,True,True
23,True,True
26,False,False
27,False,False
28,False,False
29,True,False
30,True,False
31,True,True
32,False,False
33,False,True
34,False,True
35,False,True
36,False,False
37,False,True
38,False,True
39,False,False
40,True,True
41,False,False
42,True,False
43,False,False
44,True,True
45,True,True
46,False,False
47,False,True
48,True,True
49,True,False
