12,True,False
13,False,True
14,True,True
15,False,False
16,True,True
17,False,False
0,True,True
1,True,False
18,True,True
19,True,False
2,True,False
3,True,True
4,False,False
5,False,False
6,True,True
7,True,True
8,False,False
9,True,True
10,True,True
11,True,True
24,True,True
25,True,True
20,True,False
21,True,False
22,False,True
23,False,True
26,True,False
27,False,False
28,True,False
29,True,True
30,True,True
31,False,True
32,True,True
33,False,False
34,False,False
35,False,False
36,False,False
37,True,True
38,False,True
39,True,True
40,True,False
41,False,True
42,True,True
43,False,False
44,True,True
45,True,False
46,False,True
47,False,True
48,True,True
49,False,False
