12,True,True
13,False,True
14,False,False
15,False,False
16,False,True
17,True,True
0,False,False
1,False,True
18,True,True
19,True,True
2,False,False
3,True,True
4,False,False
5,True,False
6,True,True
7,False,False
8,True,True
9,False,False
10,False,False
11,False,False
24,True,True
25,False,False
20,True,False
21,False,True
22,False,True
23,False,True
26,False,False
27,False,True
28,True,True
29,True,True
30,False,False
31,False,True
32,True,True
33,False,True
34,True,True
35,False,True
36,False,False
37,True,True
38,True,True
39,True,True
40,True,True
41,False,False
42,True,False
43,False,False
44,False,True
45,True,True
46,False,True
47,False,False
48,False,True
49,False,True
