12,True,True
13,True,True
14,False,False
15,False,False
16,False,True
17,True,True
0,True,True
1,True,False
18,True,True
19,True,False
2,True,True
3,False,False
4,True,False
5,True,True
6,True,True
7,True,True
8,True,False
9,True,True
10,True,False
11,False,True
24,True,True
25,False,False
20,True,True
21,False,False
22,True,False
23,False,False
26,True,False
27,False,True
28,True,False
29,False,True
30,False,False
31,False,False
32,False,False
33,False,False
34,False,True
35,True,True
36,True,False
37,False,True
38,False,False
39,False,False
40,True,True
41,True,True
42,True,True
43,False,False
44,True,True
45,True,True
46,False,False
47,False,True
48,True,True
49,True,True
