12,False,True
13,False,False
14,True,True
15,True,True
16,False,False
17,True,True
0,False,False
1,False,True
18,True,True
19,True,True
2,True,True
3,True,True
4,True,True
5,False,False
6,False,False
7,True,True
8,False,False
9,False,False
10,True,True
11,True,True
24,False,False
25,False,False
20,True,False
21,False,True
22,False,True
23,False,False
26,True,False
27,False,False
28,True,False
29,True,False
30,True,True
31,False,True
32,True,False
33,False,True
34,True,False
35,False,True
36,False,False
37,False,True
38,False,True
39,False,True
40,True,True
41,False,False
42,False,False
43,False,False
44,False,False
45,True,True
46,False,False
47,False,True
48,False,True
49,False,False
