12,True,True
13,True,True
14,False,False
15,False,False
16,False,True
17,True,True
0,False,False
1,False,False
18,True,True
19,True,False
2,True,True
3,True,True
4,True,True
5,False,False
6,True,True
7,False,False
8,False,False
9,False,True
10,True,False
11,True,True
24,True,True
25,False,False
20,False,False
21,False,False
22,True,True
23,True,True
26,True,False
27,True,True
28,True,True
29,False,False
30,False,False
31,False,True
32,True,True
33,False,False
34,True,False
35,False,True
36,False,False
37,True,True
38,False,True
39,True,True
40,True,False
41,False,True
42,False,False
43,True,False
44,False,True
45,True,False
46,False,True
47,False,False
48,True,True
49,False,True
