12,False,False
13,False,False
14,True,True
15,True,True
16,False,False
17,True,True
0,True,True
1,False,False
18,True,True
19,True,True
2,False,True
3,True,True
4,False,True
5,False,False
6,True,True
7,True,False
8,False,False
9,True,True
10,False,False
11,False,False
24,True,True
25,True,True
20,False,False
21,False,True
22,True,True
23,True,True
26,True,False
27,False,True
28,True,True
29,True,False
30,True,False
31,True,False
32,False,False
33,False,True
34,False,True
35,False,True
36,False,False
37,False,False
38,True,False
39,True,False
40,True,True
41,False,False
42,True,False
43,False,True
44,True,False
45,False,True
46,False,True
47,False,False
48,False,True
49,True,False
