12,True,True
13,False,False
14,False,False
15,False,False
16,False,False
17,True,True
0,False,False
1,True,True
18,True,False
19,True,True
2,True,True
3,False,False
4,True,True
5,True,True
6,True,True
7,False,False
8,False,False
9,False,False
10,True,True
11,True,True
24,False,False
25,False,False
20,True,False
21,True,False
22,True,False
23,False,True
26,True,False
27,True,False
28,True,False
29,False,False
30,True,False
31,True,True
32,False,True
33,False,False
34,False,True
35,False,True
36,True,False
37,False,True
38,False,True
39,False,True
40,True,True
41,False,False
42,True,True
43,True,True
44,False,False
45,False,False
46,False,False
47,False,False
48,True,True
49,False,True
