12,True,True
13,True,True
14,True,True
15,False,False
16,True,True
17,True,True
0,False,False
1,False,False
18,True,True
19,True,True
2,False,False
3,True,True
4,False,False
5,True,True
6,True,True
7,True,True
8,False,True
9,True,True
10,False,False
11,False,False
24,False,False
25,True,True
20,False,False
21,False,False
22,False,True
23,True,True
26,True,True
27,False,True
28,True,False
29,True,False
30,True,False
31,False,True
32,False,False
33,False,True
34,True,True
35,False,True
36,False,True
37,False,True
38,False,True
39,False,False
40,True,True
41,True,True
42,False,False
43,False,False
44,True,True
45,True,True
46,False,False
47,False,False
48,False,False
49,True,False
