12,True,True
13,False,False
14,True,True
15,False,False
16,False,False
17,True,True
0,True,True
1,False,True
18,True,True
19,False,True
2,True,True
3,False,True
4,True,True
5,True,False
6,True,True
7,True,True
8,False,False
9,False,False
10,True,True
11,True,True
24,False,False
25,False,False
20,True,True
21,True,True
22,True,True
23,False,False
26,False,False
27,False,True
28,True,False
29,True,False
30,False,False
31,False,True
32,True,True
33,False,True
34,True,True
35,False,True
36,True,False
37,False,True
38,False,True
39,False,False
40,True,True
41,False,False
42,True,False
43,True,False
44,False,True
45,True,True
46,False,False
47,False,False
48,True,True
49,False,True
