12,True,True
13,True,True
14,True,True
15,False,False
16,False,True
17,False,True
0,False,False
1,True,True
18,True,True
19,False,False
2,True,True
3,True,True
4,True,True
5,False,False
6,False,False
7,False,False
8,True,True
9,True,True
10,False,False
11,False,True
24,False,True
25,True,False
20,False,False
21,False,True
22,False,True
23,True,True
26,False,False
27,False,False
28,False,True
29,True,True
30,True,True
31,True,False
32,True,False
33,True,True
34,True,True
35,False,True
36,False,True
37,False,False
38,False,False
39,True,False
40,True,True
41,True,True
42,False,False
43,False,True
44,True,False
45,True,True
46,False,True
47,False,False
48,True,True
49,False,False
