12,True,True
13,False,False
14,False,False
15,False,False
16,True,True
17,True,True
0,False,False
1,True,True
18,True,True
19,True,True
2,True,True
3,False,False
4,False,False
5,False,True
6,True,True
7,True,True
8,True,True
9,True,True
10,False,False
11,False,False
24,False,False
25,True,True
20,True,False
21,False,False
22,False,False
23,False,True
26,True,False
27,False,True
28,True,False
29,True,False
30,True,False
31,False,True
32,True,True
33,False,False
34,True,True
35,False,True
36,False,False
37,False,True
38,False,True
39,False,True
40,True,True
41,False,False
42,True,True
43,False,False
44,False,True
45,True,True
46,False,True
47,False,False
48,True,True
49,False,False
