12,True,True
13,True,True
14,False,False
15,False,False
16,True,True
17,True,True
0,True,False
1,True,True
18,True,True
19,True,False
2,False,False
3,False,True
4,False,True
5,True,False
6,True,False
7,True,False
8,False,False
9,True,True
10,False,False
11,True,True
24,False,False
25,False,True
20,True,True
21,True,True
22,False,True
23,False,False
26,False,False
27,False,True
28,True,True
29,True,False
30,True,False
31,True,False
32,True,False
33,False,False
34,True,True
35,False,True
36,True,True
37,False,False
38,False,False
39,False,False
40,True,True
41,False,False
42,True,False
43,False,False
44,True,True
45,False,True
46,False,False
47,False,True
48,False,False
49,False,True
