12,True,True
13,True,True
14,False,False
15,False,False
16,False,False
17,False,False
0,True,True
1,False,False
18,True,True
19,True,True
2,True,True
3,False,False
4,True,True
5,True,True
6,True,False
7,True,False
8,True,True
9,True,True
10,False,False
11,False,False
24,True,True
25,False,False
20,False,False
21,False,True
22,True,True
23,True,False
26,True,True
27,False,True
28,False,False
29,True,False
30,True,True
31,False,True
32,False,True
33,False,True
34,False,False
35,False,False
36,False,False
37,False,False
38,False,False
39,False,False
40,True,True
41,True,True
42,False,True
43,False,False
44,True,True
45,True,True
46,False,False
47,False,False
48,False,False
49,True,True
