12,False,False
13,False,False
14,True,True
15,False,False
16,False,False
17,True,True
0,True,True
1,False,False
18,True,False
19,True,True
2,True,True
3,False,True
4,False,False
5,False,False
6,False,False
7,True,True
8,True,True
9,True,True
10,False,False
11,False,False
24,False,False
25,True,False
20,True,False
21,True,True
22,False,True
23,True,True
26,True,False
27,False,True
28,True,False
29,True,True
30,True,True
31,False,True
32,True,False
33,False,True
34,False,True
35,False,True
36,True,True
37,False,False
38,False,False
39,False,False
40,True,True
41,False,False
42,True,True
43,False,True
44,True,False
45,False,True
46,False,True
47,False,False
48,True,True
49,False,True
