12,True,True
13,True,True
14,False,False
15,False,False
16,True,True
17,True,True
0,False,False
1,False,False
18,True,True
19,True,True
2,False,False
3,False,False
4,True,True
5,True,True
6,True,True
7,False,False
8,True,True
9,True,True
10,False,False
11,False,False
24,True,False
25,True,False
20,False,False
21,True,True
22,True,True
23,True,True
26,True,False
27,True,True
28,True,False
29,False,False
30,False,False
31,False,False
32,False,True
33,False,False
34,False,False
35,False,True
36,True,True
37,False,False
38,False,False
39,False,False
40,True,True
41,False,False
42,True,True
43,False,False
44,False,False
45,False,False
46,False,False
47,False,False
48,True,True
49,False,False
