12,True,True
13,True,True
14,False,True
15,False,False
16,True,True
17,False,False
0,True,True
1,False,False
18,True,True
19,True,True
2,True,False
3,False,False
4,False,False
5,True,True
6,True,True
7,True,True
8,False,False
9,True,True
10,False,True
11,False,False
24,True,True
25,True,False
20,True,True
21,True,True
22,False,True
23,False,False
26,True,True
27,False,True
28,True,True
29,True,True
30,True,True
31,False,False
32,False,False
33,False,False
34,False,True
35,True,True
36,True,True
37,False,False
38,False,False
39,False,False
40,True,True
41,False,False
42,True,True
43,False,False
44,True,True
45,False,False
46,False,False
47,False,False
48,True,True
49,True,True
