12,True,True
13,False,False
14,False,False
15,False,False
16,False,False
17,True,True
0,True,True
1,False,False
18,True,True
19,True,True
2,False,False
3,True,True
4,True,False
5,False,False
6,True,True
7,True,True
8,False,False
9,False,True
10,True,False
11,True,True
24,False,False
25,True,True
20,True,False
21,False,True
22,False,True
23,False,True
26,True,False
27,False,True
28,True,True
29,True,False
30,True,False
31,False,True
32,False,True
33,False,True
34,True,True
35,False,True
36,True,False
37,False,False
38,False,True
39,False,False
40,True,True
41,False,False
42,False,False
43,False,False
44,True,True
45,True,True
46,False,False
47,False,False
48,False,True
49,True,False
