12,True,True
13,False,False
14,True,True
15,True,True
16,False,False
17,True,True
0,True,True
1,False,False
18,True,True
19,True,False
2,False,True
3,True,True
4,True,True
5,False,False
6,True,True
7,True,False
8,False,False
9,False,False
10,True,True
11,True,True
24,False,False
25,True,True
20,True,False
21,True,True
22,True,True
23,False,True
26,False,False
27,False,False
28,False,False
29,True,True
30,True,False
31,True,True
32,False,False
33,False,True
34,False,False
35,False,False
36,False,False
37,False,True
38,False,True
39,False,False
40,True,True
41,False,False
42,True,False
43,False,False
44,True,True
45,True,True
46,False,True
47,False,True
48,True,True
49,False,True
