12,True,True
13,True,True
14,False,False
15,False,False
16,False,True
17,True,True
0,True,True
1,False,False
18,True,True
19,True,True
2,True,False
3,True,False
4,True,True
5,False,True
6,True,True
7,True,True
8,False,False
9,True,False
10,True,True
11,True,True
24,False,False
25,True,True
20,True,True
21,False,False
22,False,False
23,True,False
26,False,False
27,True,True
28,True,True
29,True,False
30,False,False
31,False,True
32,True,True
33,False,True
34,False,True
35,False,True
36,False,False
37,True,True
38,False,True
39,False,True
40,True,True
41,False,False
42,False,True
43,True,False
44,True,True
45,True,False
46,False,True
47,False,False
48,False,True
49,True,True
