12,True,True
13,True,True
14,False,False
15,False,False
16,False,False
17,True,True
0,False,False
1,True,True
18,True,True
19,False,True
2,True,True
3,True,True
4,True,True
5,True,False
6,True,False
7,False,False
8,False,False
9,False,False
10,True,True
11,True,True
24,True,True
25,False,False
20,True,False
21,True,True
22,True,True
23,True,True
26,True,False
27,False,False
28,False,False
29,True,True
30,True,True
31,True,True
32,False,False
33,False,True
34,False,False
35,False,False
36,True,False
37,False,True
38,False,True
39,False,True
40,False,True
41,False,False
42,True,False
43,True,True
44,False,False
45,False,True
46,False,False
47,False,True
48,False,False
49,False,True
