12,False,False
13,False,False
14,True,True
15,True,False
16,True,True
17,True,True
0,False,False
1,True,True
18,True,True
19,True,True
2,True,True
3,True,True
4,True,True
5,False,False
6,False,False
7,False,False
8,False,False
9,True,False
10,True,True
11,True,True
24,False,False
25,True,True
20,True,False
21,True,False
22,True,True
23,False,True
26,True,True
27,False,True
28,True,False
29,True,False
30,True,True
31,False,True
32,False,False
33,True,False
34,False,False
35,False,False
36,False,False
37,False,True
38,False,True
39,False,False
40,True,True
41,False,False
42,False,False
43,False,True
44,True,True
45,True,True
46,False,False
47,False,True
48,False,False
49,False,False
