12,True,True
13,True,True
14,False,False
15,False,False
16,True,True
17,False,False
0,True,True
1,True,False
18,False,True
19,True,False
2,True,True
3,True,True
4,True,True
5,False,False
6,True,True
7,True,True
8,True,True
9,True,True
10,False,False
11,False,False
24,False,False
25,True,True
20,False,True
21,False,True
22,False,True
23,False,True
26,True,False
27,False,True
28,True,True
29,True,False
30,False,False
31,False,False
32,True,True
33,False,True
34,True,True
35,False,True
36,False,False
37,True,True
38,False,True
39,True,True
40,False,False
41,True,True
42,False,False
43,False,False
44,False,True
45,True,False
46,False,False
47,False,True
48,True,True
49,True,True
