12,True,True
13,False,False
14,False,False
15,False,False
16,True,True
17,False,False
0,True,True
1,True,True
18,True,True
19,True,True
2,True,True
3,False,False
4,True,True
5,False,False
6,True,True
7,True,True
8,False,False
9,True,True
10,True,True
11,True,True
24,True,False
25,True,True
20,True,False
21,False,False
22,False,True
23,False,True
26,True,False
27,True,True
28,True,False
29,True,False
30,False,False
31,False,True
32,False,False
33,False,True
34,True,True
35,False,True
36,True,False
37,False,True
38,False,True
39,False,True
40,False,False
41,False,False
42,False,False
43,False,False
44,False,False
45,True,True
46,False,True
47,False,False
48,True,True
49,False,False
