12,True,True
13,False,True
14,True,False
15,True,False
16,False,False
17,True,True
0,True,True
1,True,True
18,True,True
19,True,True
2,False,False
3,True,True
4,False,False
5,False,False
6,True,True
7,True,True
8,True,True
9,False,False
10,False,False
11,True,False
24,False,False
25,False,False
20,False,False
21,True,True
22,False,True
23,False,False
26,True,False
27,False,True
28,True,True
29,True,False
30,True,False
31,False,False
32,True,True
33,False,True
34,False,True
35,False,True
36,True,True
37,False,False
38,False,False
39,False,True
40,True,True
41,False,True
42,True,True
43,False,False
44,False,False
45,False,False
46,False,True
47,False,False
48,True,True
49,False,False
