12,True,True
13,True,True
14,False,False
15,False,False
16,True,True
17,True,True
0,False,False
1,False,False
18,True,True
19,False,False
2,True,True
3,False,False
4,False,False
5,False,False
6,True,False
7,True,False
8,False,True
9,True,True
10,False,False
11,False,False
24,False,False
25,True,True
20,False,False
21,False,False
22,True,False
23,True,True
26,True,True
27,True,True
28,True,True
29,False,False
30,True,False
31,False,False
32,False,True
33,True,False
34,False,False
35,False,True
36,False,True
37,True,True
38,True,True
39,True,True
40,True,True
41,False,False
42,True,True
43,False,False
44,True,True
45,False,False
46,False,True
47,False,False
48,True,True
49,True,True
