12,True,True
13,True,True
14,False,False
15,False,False
16,True,True
17,False,False
0,True,True
1,False,False
18,False,False
19,True,True
2,False,False
3,True,True
4,True,True
5,False,False
6,True,True
7,False,False
8,False,False
9,True,True
10,True,False
11,True,True
24,True,True
25,True,True
20,True,False
21,True,True
22,False,True
23,False,True
26,True,True
27,True,True
28,True,True
29,False,False
30,False,False
31,False,False
32,True,False
33,False,False
34,False,True
35,False,True
36,False,False
37,False,False
38,False,True
39,False,False
40,True,True
41,True,True
42,True,True
43,True,False
44,True,True
45,True,False
46,False,True
47,False,True
48,True,True
49,True,True
