12,False,False
13,True,True
14,True,True
15,True,True
16,False,False
17,True,True
0,True,True
1,False,False
18,True,True
19,True,True
2,False,False
3,True,True
4,True,False
5,False,False
6,True,False
7,True,True
8,False,True
9,False,True
10,True,False
11,True,False
24,False,True
25,True,False
20,True,False
21,True,True
22,False,True
23,False,True
26,True,False
27,False,True
28,False,False
29,False,True
30,True,True
31,True,True
32,False,False
33,False,True
34,False,False
35,False,True
36,False,False
37,True,True
38,False,True
39,True,True
40,True,True
41,False,False
42,True,True
43,False,False
44,True,True
45,True,False
46,False,False
47,False,True
48,False,True
49,True,False
