12,False,False
13,True,True
14,True,True
15,True,False
16,False,False
17,False,False
0,False,True
1,False,False
18,True,True
19,False,False
2,True,True
3,False,False
4,True,True
5,True,True
6,True,True
7,True,True
8,False,False
9,True,True
10,True,True
11,True,True
24,True,True
25,False,False
20,False,True
21,True,False
22,True,True
23,False,False
26,True,False
27,False,False
28,True,False
29,True,False
30,True,False
31,False,True
32,False,True
33,False,False
34,True,True
35,False,True
36,False,False
37,False,True
38,False,True
39,False,True
40,True,True
41,False,False
42,True,True
43,False,True
44,True,True
45,True,True
46,False,False
47,False,True
48,False,False
49,True,False
