12,True,True
13,True,False
14,False,False
15,False,False
16,True,False
17,False,False
0,True,True
1,False,False
18,True,True
19,False,False
2,False,True
3,False,False
4,False,False
5,False,True
6,True,False
7,True,True
8,True,False
9,True,True
10,False,False
11,False,False
24,False,False
25,True,True
20,False,True
21,False,True
22,False,True
23,False,True
26,False,True
27,False,True
28,False,True
29,False,True
30,True,False
31,True,False
32,False,True
33,True,False
34,False,True
35,True,False
36,True,False
37,False,True
38,True,False
39,True,False
40,False,False
41,True,True
42,True,True
43,False,False
44,False,True
45,False,True
46,False,True
47,False,False
48,True,False
49,True,True
