12,False,False
13,True,True
14,False,False
15,True,True
16,False,False
17,True,True
0,True,False
1,False,True
18,True,True
19,False,False
2,True,True
3,False,False
4,False,False
5,True,True
6,False,True
7,True,True
8,True,False
9,True,True
10,True,True
11,False,False
24,False,False
25,True,False
20,False,False
21,False,True
22,True,True
23,True,False
26,False,False
27,False,True
28,True,False
29,True,False
30,True,False
31,False,True
32,True,False
33,False,True
34,True,False
35,False,True
36,False,False
37,False,True
38,False,True
39,False,True
40,True,True
41,True,False
42,False,True
43,False,False
44,True,True
45,True,True
46,False,True
47,False,False
48,False,False
49,True,False
