12,True,True
13,False,True
14,False,False
15,False,False
16,False,False
17,True,True
0,False,False
1,False,True
18,True,True
19,True,False
2,True,True
3,False,False
4,False,False
5,True,False
6,True,True
7,True,True
8,True,True
9,True,True
10,False,False
11,False,False
24,True,False
25,True,False
20,True,True
21,True,True
22,False,True
23,False,False
26,True,True
27,True,True
28,True,True
29,False,False
30,False,False
31,False,False
32,True,False
33,False,False
34,True,True
35,True,True
36,True,True
37,False,False
38,False,False
39,False,False
40,True,True
41,False,False
42,True,True
43,False,False
44,True,True
45,False,False
46,False,True
47,False,False
48,True,True
49,False,True
