12,False,True
13,False,True
14,True,False
15,True,False
16,False,False
17,True,False
0,True,True
1,False,False
18,True,True
19,True,False
2,True,False
3,False,False
4,False,False
5,True,True
6,True,True
7,True,True
8,True,True
9,True,True
10,False,False
11,False,False
24,True,False
25,False,True
20,False,False
21,True,True
22,False,True
23,False,True
26,True,True
27,False,True
28,True,False
29,True,False
30,True,False
31,False,True
32,True,True
33,False,False
34,True,True
35,False,True
36,True,True
37,False,False
38,False,True
39,False,False
40,True,True
41,False,False
42,True,True
43,False,False
44,True,True
45,False,False
46,False,True
47,False,False
48,False,True
49,True,False
