12,True,True
13,True,True
14,False,False
15,True,True
16,False,False
17,True,True
0,False,False
1,False,True
18,True,True
19,False,False
2,True,True
3,False,False
4,False,True
5,True,True
6,True,True
7,True,True
8,True,False
9,True,True
10,False,False
11,False,True
24,False,False
25,True,True
20,False,False
21,True,False
22,False,False
23,True,True
26,True,False
27,True,True
28,False,False
29,True,False
30,True,False
31,True,True
32,True,False
33,False,False
34,True,True
35,True,True
36,True,True
37,False,True
38,False,True
39,False,True
40,True,True
41,False,False
42,True,True
43,False,False
44,True,False
45,False,False
46,False,False
47,False,True
48,False,True
49,True,True
