12,True,True
13,True,True
14,True,True
15,False,False
16,False,False
17,True,True
0,True,True
1,True,True
18,True,True
19,False,True
2,True,True
3,False,True
4,False,True
5,True,False
6,False,True
7,True,True
8,False,False
9,True,True
10,True,True
11,False,False
24,True,True
25,False,False
20,False,False
21,False,True
22,True,True
23,True,True
26,True,True
27,False,True
28,True,False
29,True,False
30,True,False
31,True,True
32,True,False
33,False,True
34,False,False
35,False,True
36,False,False
37,False,True
38,False,True
39,False,True
40,True,True
41,False,False
42,True,False
43,False,False
44,False,False
45,True,True
46,False,False
47,False,False
48,False,True
49,False,False
