12,True,True
13,True,True
14,False,False
15,False,False
16,True,True
17,False,False
0,False,True
1,True,True
18,False,True
19,True,False
2,True,True
3,True,True
4,True,False
5,False,False
6,False,True
7,False,True
8,True,True
9,False,True
10,True,False
11,True,False
24,False,False
25,True,True
20,True,True
21,True,False
22,False,False
23,False,True
26,True,True
27,True,True
28,True,True
29,False,True
30,False,True
31,False,False
32,True,True
33,False,False
34,True,True
35,False,False
36,True,False
37,False,True
38,False,False
39,False,True
40,False,False
41,True,True
42,False,False
43,True,False
44,False,False
45,True,False
46,False,False
47,False,True
48,True,True
49,False,False
