12,True,True
13,True,False
14,False,True
15,False,False
16,True,True
17,False,True
0,False,False
1,True,True
18,False,False
19,True,False
2,True,True
3,True,False
4,True,False
5,False,False
6,False,True
7,False,True
8,True,True
9,False,True
10,True,False
11,True,False
24,False,False
25,True,False
20,True,True
21,True,False
22,False,False
23,False,True
26,True,False
27,True,True
28,True,True
29,False,True
30,False,True
31,False,True
32,True,False
33,False,False
34,True,True
35,True,True
36,True,False
37,False,True
38,False,False
39,False,False
40,False,True
41,True,True
42,False,True
43,True,False
44,False,False
45,True,False
46,False,True
47,False,True
48,True,True
49,False,False
