12,True,False
13,True,False
14,True,True
15,False,False
16,False,False
17,True,True
0,False,False
1,False,False
18,False,False
19,True,True
2,True,True
3,True,True
4,True,True
5,False,False
6,False,False
7,False,False
8,True,False
9,True,True
10,False,True
11,False,False
24,False,True
25,False,False
20,True,True
21,True,True
22,True,True
23,True,False
26,True,True
27,False,False
28,True,False
29,True,False
30,True,True
31,True,True
32,True,False
33,False,False
34,False,False
35,False,True
36,True,False
37,False,False
38,False,False
39,False,True
40,True,True
41,True,False
42,False,False
43,True,True
44,True,True
45,True,True
46,False,False
47,False,True
48,True,True
49,True,False
