12,True,True
13,True,True
14,False,False
15,False,False
16,True,True
17,True,False
0,True,False
1,True,True
18,True,True
19,False,False
2,True,True
3,False,True
4,False,False
5,False,False
6,True,True
7,True,True
8,False,True
9,False,True
10,True,False
11,True,False
24,True,True
25,True,True
20,True,True
21,False,True
22,False,True
23,False,True
26,True,True
27,True,True
28,True,True
29,True,False
30,False,False
31,False,False
32,True,False
33,False,False
34,True,True
35,True,True
36,True,True
37,False,False
38,False,False
39,False,False
40,True,True
41,True,True
42,True,True
43,False,False
44,True,True
45,False,False
46,False,True
47,False,True
48,True,True
49,False,False
