12,False,False
13,False,True
14,True,False
15,True,False
16,False,False
17,True,True
0,True,True
1,False,True
18,True,True
19,True,False
2,True,True
3,False,True
4,False,True
5,True,False
6,True,True
7,True,True
8,False,False
9,True,False
10,False,True
11,False,False
24,True,False
25,False,False
20,True,False
21,True,True
22,True,True
23,True,True
26,True,False
27,False,True
28,True,False
29,True,False
30,True,False
31,True,True
32,True,False
33,False,True
34,False,False
35,False,True
36,False,False
37,False,True
38,False,True
39,False,False
40,True,True
41,False,True
42,True,False
43,False,False
44,True,False
45,True,True
46,False,False
47,False,False
48,False,False
49,True,True
