12,False,False
13,False,False
14,True,True
15,True,True
16,False,False
17,True,True
0,False,False
1,True,True
18,True,True
19,True,False
2,False,True
3,False,False
4,False,False
5,False,False
6,True,True
7,True,True
8,True,True
9,True,True
10,False,False
11,False,False
24,True,True
25,False,False
20,False,False
21,False,False
22,True,False
23,True,True
26,False,False
27,False,False
28,False,False
29,True,True
30,True,True
31,True,True
32,False,False
33,True,True
34,False,True
35,False,True
36,False,False
37,True,True
38,True,True
39,True,True
40,True,True
41,False,False
42,True,True
43,False,False
44,False,False
45,False,False
46,False,False
47,False,True
48,False,True
49,True,False
