12,True,True
13,True,True
14,True,False
15,False,False
16,True,True
17,False,False
0,False,True
1,True,True
18,False,True
19,True,True
2,False,True
3,True,True
4,True,True
5,True,False
6,True,True
7,False,True
8,False,False
9,False,False
10,True,True
11,True,True
24,False,False
25,True,True
20,True,True
21,True,True
22,False,False
23,False,True
26,True,False
27,True,True
28,True,True
29,False,False
30,False,False
31,False,True
32,True,True
33,False,False
34,False,False
35,False,True
36,True,True
37,False,False
38,False,False
39,False,True
40,True,True
41,False,False
42,False,True
43,True,True
44,False,True
45,True,False
46,False,True
47,False,False
48,False,True
49,True,True
