12,True,True
13,False,False
14,False,False
15,False,False
16,False,False
17,True,True
0,True,True
1,True,False
18,True,True
19,True,False
2,True,False
3,False,False
4,True,False
5,True,True
6,False,True
7,True,True
8,False,True
9,True,True
10,True,False
11,False,False
24,True,False
25,False,True
20,False,True
21,False,True
22,True,False
23,True,False
26,False,True
27,False,True
28,False,False
29,True,False
30,True,False
31,False,True
32,True,True
33,True,False
34,True,True
35,False,True
36,False,True
37,False,False
38,False,True
39,True,False
40,True,True
41,False,False
42,False,False
43,False,False
44,True,True
45,True,True
46,False,False
47,False,False
48,False,True
49,True,False
