12,True,True
13,True,True
14,False,False
15,True,False
16,True,True
17,False,False
0,False,True
1,True,False
18,True,True
19,False,False
2,True,True
3,False,False
4,False,False
5,False,False
6,False,True
7,True,True
8,False,True
9,True,True
10,False,False
11,False,False
24,False,False
25,True,True
20,True,True
21,True,True
22,True,True
23,False,False
26,False,False
27,False,False
28,False,False
29,True,True
30,True,True
31,True,True
32,False,False
33,False,False
34,False,False
35,False,True
36,True,True
37,True,True
38,False,False
39,True,False
40,False,False
41,True,True
42,False,True
43,False,False
44,False,True
45,False,False
46,False,True
47,False,False
48,True,True
49,False,True
