12,True,True
13,False,True
14,False,False
15,False,False
16,False,True
17,True,True
0,False,True
1,True,True
18,False,False
19,True,False
2,False,False
3,False,False
4,True,True
5,False,True
6,True,True
7,False,True
8,False,True
9,True,True
10,False,False
11,True,False
24,False,False
25,False,False
20,True,False
21,True,True
22,False,False
23,False,False
26,True,False
27,True,True
28,False,True
29,False,False
30,True,False
31,True,False
32,False,True
33,False,False
34,False,True
35,True,True
36,False,False
37,True,True
38,False,False
39,False,False
40,True,True
41,False,False
42,True,True
43,True,False
44,True,True
45,False,True
46,False,True
47,False,False
48,True,True
49,True,False
