12,True,True
13,True,True
14,False,False
15,False,False
16,True,True
17,False,False
0,True,True
1,False,False
18,True,True
19,False,False
2,False,False
3,False,False
4,False,False
5,False,True
6,True,True
7,True,True
8,True,True
9,True,False
10,False,False
11,False,True
24,False,True
25,True,False
20,True,True
21,False,True
22,False,False
23,True,True
26,True,False
27,True,True
28,False,True
29,False,False
30,True,True
31,False,False
32,True,False
33,True,False
34,False,True
35,False,True
36,True,False
37,False,False
38,True,True
39,False,False
40,False,False
41,True,False
42,True,False
43,False,False
44,False,False
45,False,False
46,False,True
47,False,False
48,True,False
49,True,False
