12,True,False
13,True,False
14,False,False
15,False,False
16,True,False
17,False,False
0,True,True
1,False,False
18,True,True
19,False,False
2,False,True
3,False,False
4,False,False
5,False,False
6,True,True
7,True,False
8,True,True
9,True,False
10,False,False
11,False,False
24,False,False
25,True,False
20,False,True
21,False,True
22,True,True
23,False,True
26,False,True
27,False,False
28,False,True
29,False,False
30,False,False
31,False,False
32,True,True
33,False,False
34,False,False
35,False,True
36,False,True
37,False,False
38,True,False
39,True,False
40,False,False
41,True,True
42,True,False
43,False,False
44,False,True
45,False,True
46,False,True
47,False,True
48,True,True
49,True,True
