12,True,False
13,True,False
14,True,True
15,False,True
16,True,True
17,True,True
0,False,True
1,False,False
18,True,True
19,True,True
2,False,False
3,True,True
4,False,True
5,False,False
6,True,True
7,False,False
8,True,False
9,False,True
10,True,True
11,True,True
24,True,True
25,False,False
20,False,False
21,True,True
22,True,True
23,True,True
26,False,False
27,False,False
28,False,False
29,True,True
30,True,True
31,True,True
32,True,False
33,True,True
34,False,False
35,False,True
36,True,False
37,False,False
38,False,True
39,False,False
40,False,True
41,True,False
42,False,False
43,True,True
44,False,False
45,False,True
46,False,False
47,False,False
48,True,True
49,True,False
