12,True,False
13,True,True
14,True,True
15,False,True
16,False,False
17,True,True
0,True,True
1,True,True
18,True,True
19,False,True
2,False,True
3,True,True
4,False,False
5,False,False
6,True,True
7,True,True
8,False,False
9,True,True
10,True,False
11,True,False
24,False,False
25,True,True
20,True,False
21,False,False
22,False,True
23,True,True
26,True,False
27,True,False
28,True,False
29,True,True
30,False,True
31,False,True
32,True,False
33,False,True
34,True,True
35,True,True
36,True,False
37,False,True
38,False,True
39,False,True
40,True,True
41,False,True
42,True,False
43,False,False
44,True,True
45,False,True
46,False,False
47,False,False
48,True,True
49,False,False
