12,True,False
13,True,False
14,False,True
15,False,True
16,False,False
17,True,True
0,True,True
1,False,True
18,True,True
19,False,False
2,False,True
3,False,True
4,False,False
5,True,False
6,True,True
7,True,True
8,True,False
9,True,True
10,True,False
11,False,True
24,False,False
25,False,False
20,False,False
21,False,False
22,True,True
23,True,True
26,False,False
27,False,True
28,False,False
29,True,False
30,True,False
31,True,True
32,False,False
33,True,True
34,True,True
35,False,True
36,False,False
37,True,True
38,True,True
39,True,True
40,True,True
41,True,False
42,True,True
43,False,False
44,True,True
45,True,True
46,False,False
47,False,False
48,False,True
49,True,False
