12,False,False
13,True,True
14,False,False
15,False,False
16,False,False
17,True,True
0,False,False
1,False,True
18,False,True
19,True,False
2,True,True
3,False,True
4,False,False
5,True,False
6,False,False
7,True,True
8,True,True
9,True,True
10,False,False
11,False,False
24,True,True
25,True,True
20,True,True
21,False,True
22,False,True
23,False,True
26,True,True
27,False,True
28,True,True
29,True,True
30,True,True
31,False,False
32,True,False
33,False,False
34,False,True
35,False,True
36,True,True
37,False,False
38,False,False
39,False,False
40,True,True
41,True,True
42,True,False
43,False,False
44,True,True
45,False,False
46,False,True
47,False,False
48,False,True
49,True,True
