12,True,True
13,True,False
14,False,False
15,False,False
16,True,True
17,False,False
0,True,True
1,False,False
18,True,True
19,False,False
2,False,False
3,False,True
4,False,True
5,False,True
6,True,False
7,True,True
8,True,True
9,True,False
10,False,False
11,False,True
24,False,True
25,True,True
20,True,True
21,False,True
22,False,False
23,False,True
26,False,True
27,True,True
28,False,True
29,False,True
30,False,False
31,True,False
32,True,False
33,False,True
34,True,False
35,False,False
36,False,True
37,False,False
38,True,True
39,False,True
40,False,False
41,True,True
42,True,True
43,False,False
44,False,False
45,False,True
46,False,True
47,False,False
48,True,False
49,True,True
