12,False,True
13,True,True
14,True,False
15,True,False
16,False,True
17,True,True
0,False,False
1,True,True
18,False,False
19,True,True
2,True,True
3,True,True
4,True,True
5,False,False
6,False,False
7,False,False
8,False,True
9,False,True
10,True,False
11,True,False
24,False,False
25,False,True
20,True,False
21,True,False
22,False,True
23,False,False
26,True,False
27,True,False
28,True,True
29,False,True
30,False,True
31,False,False
32,True,True
33,False,False
34,True,False
35,True,True
36,True,False
37,False,False
38,False,True
39,False,True
40,False,False
41,False,True
42,False,False
43,True,True
44,False,False
45,True,True
46,False,False
47,False,True
48,True,True
49,False,False
