12,True,True
13,True,True
14,False,False
15,False,False
16,True,True
17,True,True
0,False,False
1,True,True
18,True,True
19,True,True
2,True,False
3,False,True
4,True,False
5,False,False
6,False,False
7,False,False
8,True,False
9,True,False
10,False,True
11,True,True
24,False,False
25,False,False
20,True,False
21,True,True
22,True,True
23,True,True
26,True,False
27,False,True
28,True,True
29,True,False
30,False,False
31,True,True
32,True,False
33,False,False
34,False,True
35,False,True
36,False,False
37,False,False
38,False,False
39,False,False
40,True,True
41,True,True
42,False,False
43,False,False
44,False,False
45,True,True
46,False,True
47,False,True
48,True,True
49,True,True
