12,True,True
13,True,True
14,True,False
15,False,False
16,False,True
17,True,False
0,True,True
1,True,True
18,True,True
19,True,True
2,True,True
3,False,False
4,False,False
5,True,True
6,True,True
7,True,True
8,False,False
9,False,False
10,False,False
11,True,True
24,True,True
25,False,False
20,False,False
21,False,False
22,True,True
23,True,True
26,True,False
27,False,True
28,True,False
29,True,False
30,True,True
31,False,True
32,True,False
33,False,False
34,True,True
35,False,True
36,False,True
37,False,True
38,False,True
39,False,False
40,True,True
41,False,False
42,True,True
43,False,False
44,True,True
45,True,True
46,False,True
47,False,True
48,True,True
49,True,True
