12,True,False
13,True,False
14,False,True
15,False,True
16,True,True
17,False,True
0,True,False
1,True,True
18,True,True
19,False,False
2,False,True
3,True,True
4,True,True
5,False,False
6,True,False
7,True,False
8,True,False
9,True,True
10,False,True
11,False,True
24,True,False
25,True,True
20,True,True
21,True,False
22,False,True
23,False,False
26,True,False
27,False,False
28,True,False
29,True,True
30,False,False
31,True,True
32,True,False
33,False,True
34,True,False
35,False,False
36,True,False
37,False,True
38,False,True
39,False,True
40,False,False
41,True,False
42,False,False
43,False,False
44,True,True
45,False,True
46,False,False
47,False,False
48,True,True
49,False,True
