12,True,False
13,True,False
14,False,True
15,False,False
16,True,True
17,False,False
0,True,True
1,False,False
18,True,True
19,False,False
2,False,False
3,False,True
4,False,True
5,False,False
6,True,True
7,True,False
8,True,False
9,True,False
10,False,False
11,False,True
24,False,True
25,True,True
20,True,False
21,False,False
22,True,False
23,False,False
26,False,True
27,False,True
28,False,True
29,False,True
30,True,False
31,True,True
32,False,False
33,True,True
34,True,True
35,False,True
36,True,True
37,True,False
38,True,False
39,True,False
40,False,True
41,True,True
42,True,True
43,False,True
44,False,False
45,False,False
46,False,True
47,False,False
48,True,True
49,True,False
