12,True,True
13,False,False
14,False,False
15,False,False
16,False,False
17,True,True
0,True,True
1,False,True
18,False,True
19,False,True
2,False,True
3,True,True
4,True,False
5,False,False
6,True,True
7,True,True
8,False,False
9,False,False
10,False,True
11,False,True
24,True,True
25,False,False
20,False,False
21,False,True
22,True,True
23,True,True
26,False,False
27,False,True
28,True,False
29,True,True
30,False,False
31,False,True
32,False,False
33,False,True
34,True,False
35,False,False
36,False,False
37,False,False
38,False,True
39,False,True
40,True,True
41,False,False
42,False,False
43,True,False
44,False,False
45,True,True
46,False,False
47,False,False
48,False,False
49,False,True
