12,True,True
13,True,True
14,False,True
15,False,False
16,False,False
17,True,True
0,False,True
1,False,True
18,True,True
19,False,False
2,True,True
3,True,True
4,True,True
5,False,False
6,True,True
7,True,True
8,False,True
9,True,True
10,False,False
11,False,False
24,True,True
25,True,True
20,True,True
21,False,False
22,True,True
23,True,True
26,True,True
27,False,False
28,False,False
29,True,True
30,False,False
31,False,False
32,False,False
33,True,True
34,False,True
35,False,False
36,True,True
37,False,False
38,True,True
39,False,False
40,True,True
41,True,False
42,False,False
43,False,False
44,True,False
45,True,False
46,False,True
47,False,False
48,False,True
49,True,False
