12,True,True
13,False,False
14,False,False
15,True,True
16,False,False
17,True,True
0,False,False
1,True,True
18,True,True
19,True,True
2,True,True
3,False,False
4,True,True
5,True,True
6,True,True
7,False,True
8,False,False
9,True,False
10,False,False
11,True,True
24,False,True
25,True,False
20,False,False
21,True,True
22,False,False
23,True,True
26,False,False
27,False,False
28,True,False
29,True,True
30,True,True
31,True,True
32,True,False
33,True,True
34,False,False
35,False,True
36,True,True
37,False,True
38,False,False
39,False,False
40,True,True
41,False,False
42,False,True
43,True,False
44,False,False
45,True,True
46,False,False
47,False,True
48,False,False
49,True,False
