12,True,True
13,True,True
14,False,False
15,True,False
16,False,False
17,True,True
0,True,False
1,False,True
18,True,True
19,True,True
2,False,True
3,False,False
4,True,True
5,True,True
6,True,True
7,False,True
8,True,True
9,True,True
10,False,False
11,False,False
24,False,False
25,True,False
20,True,False
21,True,True
22,False,False
23,True,True
26,True,True
27,True,True
28,False,False
29,False,False
30,True,True
31,False,False
32,False,False
33,True,False
34,True,True
35,True,True
36,False,False
37,True,True
38,True,True
39,False,False
40,True,True
41,True,False
42,True,True
43,True,False
44,True,True
45,False,False
46,False,True
47,False,False
48,False,True
49,True,False
