12,True,True
13,False,False
14,False,False
15,False,False
16,False,True
17,True,True
0,False,True
1,False,False
18,False,False
19,False,True
2,True,False
3,True,True
4,True,False
5,False,False
6,False,True
7,False,True
8,True,True
9,True,True
10,False,False
11,False,False
24,True,True
25,False,False
20,False,False
21,False,True
22,True,True
23,True,True
26,False,False
27,False,True
28,False,False
29,True,False
30,True,True
31,False,True
32,False,False
33,False,False
34,True,False
35,False,True
36,False,False
37,False,True
38,False,True
39,False,True
40,True,True
41,False,False
42,True,True
43,True,False
44,True,True
45,True,True
46,False,True
47,False,False
48,False,True
49,False,True
