12,False,False
13,True,False
14,False,True
15,False,True
16,False,False
17,True,True
0,True,True
1,True,True
18,True,True
19,True,True
2,True,True
3,True,True
4,True,True
5,True,False
6,True,True
7,True,False
8,False,False
9,False,False
10,True,False
11,True,True
24,False,False
25,False,False
20,True,False
21,True,True
22,False,True
23,True,True
26,True,True
27,False,True
28,True,True
29,True,True
30,False,False
31,False,False
32,True,True
33,False,False
34,True,True
35,True,True
36,True,True
37,False,False
38,False,False
39,True,True
40,True,True
41,True,False
42,False,False
43,True,False
44,False,False
45,True,True
46,False,True
47,False,False
48,False,False
49,True,False
