12,False,True
13,True,True
14,False,False
15,False,False
16,False,False
17,True,True
0,True,True
1,True,False
18,False,True
19,True,True
2,False,False
3,True,True
4,False,True
5,False,False
6,True,True
7,True,True
8,True,False
9,True,True
10,False,False
11,False,False
24,False,False
25,True,False
20,False,False
21,True,True
22,False,True
23,False,False
26,True,True
27,False,False
28,True,True
29,True,False
30,False,True
31,False,False
32,False,False
33,False,False
34,True,True
35,True,True
36,True,True
37,False,True
38,False,False
39,False,False
40,True,True
41,False,False
42,False,True
43,False,False
44,False,True
45,True,False
46,False,False
47,False,False
48,False,True
49,True,True
