12,True,True
13,True,False
14,False,False
15,False,False
16,False,False
17,True,True
0,False,True
1,True,True
18,True,True
19,True,True
2,True,True
3,True,True
4,True,True
5,False,False
6,True,True
7,False,True
8,False,False
9,False,True
10,True,False
11,True,True
24,True,True
25,False,False
20,False,False
21,True,False
22,False,True
23,False,True
26,True,False
27,True,True
28,True,False
29,True,False
30,True,False
31,False,True
32,True,False
33,False,True
34,True,True
35,True,True
36,True,False
37,False,True
38,False,True
39,False,True
40,True,True
41,False,False
42,False,False
43,True,False
44,False,False
45,True,True
46,False,False
47,False,True
48,False,True
49,True,True
