12,False,True
13,False,True
14,True,False
15,True,True
16,False,False
17,True,False
0,False,False
1,False,True
18,True,True
19,True,False
2,True,True
3,False,False
4,False,False
5,False,False
6,False,True
7,False,True
8,True,True
9,True,True
10,False,False
11,False,False
24,True,True
25,True,True
20,False,False
21,False,True
22,True,False
23,True,True
26,False,False
27,False,True
28,False,False
29,True,False
30,True,False
31,True,True
32,True,True
33,True,True
34,False,True
35,False,True
36,False,True
37,True,False
38,True,True
39,True,True
40,True,True
41,False,False
42,False,True
43,False,False
44,False,False
45,False,False
46,False,True
47,False,False
48,False,True
49,True,False
