12,True,False
13,True,True
14,False,False
15,False,False
16,False,True
17,True,False
0,False,False
1,True,True
18,True,True
19,True,True
2,False,True
3,False,False
4,False,True
5,True,False
6,True,False
7,True,True
8,True,True
9,True,True
10,False,False
11,True,False
24,True,False
25,True,True
20,True,True
21,False,True
22,True,True
23,False,True
26,True,True
27,False,True
28,False,True
29,True,False
30,True,True
31,True,True
32,True,True
33,True,True
34,True,True
35,True,True
36,False,True
37,False,False
38,False,False
39,True,False
40,True,True
41,True,True
42,False,True
43,False,False
44,False,True
45,False,False
46,False,True
47,False,False
48,False,True
49,True,True
