12,True,True
13,True,False
14,False,False
15,False,True
16,True,True
17,False,False
0,True,True
1,False,False
18,True,True
19,False,False
2,False,False
3,False,False
4,False,False
5,False,True
6,True,True
7,True,True
8,True,False
9,True,True
10,False,False
11,False,True
24,False,True
25,True,True
20,True,False
21,True,False
22,True,False
23,True,False
26,False,True
27,False,True
28,True,False
29,False,True
30,True,False
31,True,False
32,True,True
33,True,False
34,False,True
35,True,False
36,False,False
37,False,True
38,False,True
39,False,True
40,False,False
41,True,True
42,True,False
43,False,True
44,False,False
45,False,False
46,False,True
47,False,False
48,True,False
49,True,True
