12,True,False
13,True,True
14,True,True
15,False,False
16,False,False
17,True,True
0,True,True
1,False,True
18,False,True
19,True,True
2,True,True
3,True,True
4,True,True
5,False,False
6,False,True
7,True,True
8,False,False
9,True,False
10,False,False
11,True,True
24,False,False
25,False,False
20,True,True
21,True,True
22,False,True
23,True,True
26,True,False
27,False,False
28,True,False
29,True,True
30,True,True
31,False,True
32,False,True
33,True,True
34,False,True
35,True,True
36,False,False
37,True,True
38,False,True
39,True,True
40,True,True
41,True,False
42,False,True
43,True,False
44,False,True
45,True,True
46,False,False
47,False,False
48,True,True
49,True,False
