12,True,True
13,True,True
14,False,True
15,False,False
16,True,True
17,False,False
0,True,True
1,False,False
18,True,True
19,False,False
2,False,True
3,False,True
4,False,False
5,False,False
6,True,True
7,True,False
8,True,True
9,True,True
10,False,True
11,False,False
24,False,False
25,True,False
20,False,True
21,False,True
22,True,False
23,True,True
26,False,True
27,True,True
28,False,True
29,True,False
30,True,False
31,True,False
32,True,True
33,True,True
34,False,False
35,False,False
36,False,True
37,True,False
38,False,False
39,True,True
40,False,False
41,True,True
42,True,True
43,False,False
44,False,True
45,False,False
46,False,True
47,False,True
48,True,True
49,True,False
