12,True,False
13,True,False
14,True,True
15,False,True
16,True,True
17,True,True
0,False,False
1,True,True
18,False,True
19,True,True
2,True,True
3,True,True
4,True,True
5,False,False
6,True,True
7,False,False
8,False,False
9,False,False
10,True,True
11,True,True
24,False,False
25,False,False
20,True,True
21,True,True
22,True,True
23,False,False
26,True,False
27,False,False
28,False,False
29,False,False
30,True,True
31,False,True
32,True,True
33,False,True
34,True,True
35,False,False
36,True,True
37,True,True
38,False,True
39,False,True
40,True,True
41,True,False
42,False,False
43,True,True
44,False,True
45,True,True
46,False,True
47,False,False
48,True,False
49,True,True
