12,True,True
13,True,True
14,False,False
15,False,False
16,False,False
17,True,True
0,True,True
1,False,True
18,False,True
19,True,True
2,False,False
3,True,True
4,False,False
5,False,False
6,True,True
7,True,True
8,False,True
9,False,False
10,True,True
11,False,True
24,False,False
25,True,True
20,False,False
21,False,False
22,True,True
23,True,True
26,False,False
27,False,False
28,False,False
29,True,True
30,True,False
31,True,True
32,False,False
33,True,True
34,True,True
35,True,True
36,False,False
37,False,True
38,True,True
39,True,True
40,True,True
41,False,False
42,True,True
43,False,False
44,True,True
45,True,False
46,False,False
47,False,False
48,False,True
49,True,False
