12,False,False
13,False,True
14,False,False
15,True,False
16,False,True
17,False,False
0,True,False
1,False,False
18,True,True
19,False,False
2,False,False
3,False,False
4,False,False
5,True,True
6,False,False
7,True,True
8,True,True
9,True,True
10,False,False
11,False,False
24,True,True
25,True,True
20,True,True
21,True,True
22,True,True
23,False,True
26,False,True
27,False,True
28,True,False
29,True,True
30,True,True
31,False,False
32,True,True
33,False,False
34,True,False
35,False,False
36,True,True
37,False,False
38,False,False
39,False,False
40,True,False
41,False,True
42,True,True
43,False,False
44,True,True
45,False,False
46,False,True
47,False,False
48,False,True
49,True,True
