12,False,False
13,True,True
14,False,True
15,False,True
16,True,False
17,True,True
0,True,True
1,True,False
18,False,True
19,True,False
2,True,True
3,True,True
4,False,False
5,False,False
6,True,True
7,True,True
8,False,True
9,True,True
10,False,False
11,False,False
24,True,True
25,True,True
20,True,True
21,False,True
22,True,True
23,True,False
26,True,True
27,False,True
28,True,True
29,True,False
30,False,False
31,False,True
32,True,False
33,False,True
34,False,False
35,False,True
36,False,False
37,True,True
38,False,True
39,True,True
40,True,True
41,True,True
42,True,True
43,True,False
44,True,True
45,True,True
46,False,False
47,False,True
48,True,True
49,False,False
