12,True,False
13,True,False
14,False,True
15,False,True
16,False,False
17,True,True
0,False,True
1,True,False
18,True,True
19,True,True
2,False,True
3,True,True
4,True,False
5,False,False
6,True,True
7,True,True
8,False,False
9,False,True
10,True,True
11,False,False
24,False,False
25,True,True
20,True,True
21,False,False
22,True,True
23,True,True
26,False,True
27,True,True
28,True,False
29,False,False
30,False,False
31,True,True
32,True,False
33,False,True
34,True,True
35,True,True
36,True,True
37,False,True
38,False,True
39,False,False
40,True,True
41,True,False
42,False,False
43,False,False
44,False,False
45,False,True
46,False,True
47,False,False
48,True,True
49,False,False
