12,True,False
13,True,False
14,False,False
15,False,False
16,True,True
17,False,False
0,True,True
1,False,False
18,True,True
19,False,False
2,False,False
3,False,False
4,False,False
5,True,True
6,True,True
7,True,True
8,True,True
9,True,True
10,False,False
11,False,False
24,False,False
25,True,True
20,False,True
21,False,True
22,True,False
23,True,False
26,False,True
27,False,False
28,False,True
29,True,False
30,True,False
31,True,False
32,False,True
33,True,False
34,False,False
35,False,True
36,False,True
37,True,True
38,True,False
39,True,False
40,False,False
41,True,False
42,True,True
43,False,False
44,True,True
45,False,False
46,False,True
47,False,False
48,False,False
49,True,True
