12,True,False
13,True,True
14,True,True
15,True,True
16,False,False
17,True,True
0,True,True
1,False,True
18,False,False
19,True,True
2,True,True
3,True,True
4,True,True
5,False,False
6,False,False
7,False,False
8,False,False
9,False,True
10,True,True
11,True,False
24,False,False
25,True,True
20,False,False
21,False,False
22,True,True
23,True,True
26,True,False
27,True,False
28,True,False
29,False,True
30,False,True
31,False,True
32,True,False
33,False,False
34,False,False
35,False,False
36,True,False
37,False,True
38,False,True
39,False,True
40,True,True
41,True,True
42,False,False
43,True,True
44,False,False
45,True,True
46,False,True
47,False,False
48,True,True
49,False,False
