12,True,False
13,True,True
14,False,True
15,False,False
16,True,False
17,False,False
0,True,True
1,False,False
18,True,False
19,False,False
2,False,False
3,False,True
4,False,False
5,False,False
6,True,False
7,True,True
8,True,True
9,True,False
10,False,True
11,False,True
24,False,True
25,True,True
20,True,False
21,False,True
22,True,True
23,True,False
26,False,True
27,False,True
28,False,True
29,False,False
30,True,False
31,False,False
32,True,True
33,False,False
34,False,False
35,True,False
36,False,False
37,True,False
38,True,False
39,True,True
40,False,False
41,True,True
42,True,False
43,False,False
44,False,False
45,False,False
46,False,True
47,False,False
48,True,True
49,True,True
