12,False,False
13,True,True
14,False,False
15,True,True
16,False,False
17,True,True
0,True,True
1,False,False
18,True,True
19,True,False
2,False,False
3,False,False
4,False,False
5,True,True
6,False,True
7,True,True
8,True,True
9,True,True
10,True,False
11,False,False
24,True,False
25,True,True
20,True,True
21,False,True
22,False,True
23,True,False
26,True,True
27,False,True
28,True,False
29,True,False
30,True,False
31,False,True
32,True,False
33,False,False
34,False,False
35,False,True
36,False,True
37,False,True
38,False,True
39,True,False
40,True,True
41,True,True
42,True,True
43,False,False
44,True,True
45,True,False
46,False,True
47,False,False
48,False,True
49,True,False
