12,True,True
13,True,True
14,False,False
15,False,False
16,True,True
17,True,True
0,False,False
1,True,True
18,False,True
19,True,False
2,True,True
3,False,True
4,True,False
5,True,False
6,False,False
7,False,True
8,False,False
9,True,True
10,True,False
11,True,True
24,False,False
25,True,True
20,False,False
21,False,False
22,True,True
23,True,True
26,False,False
27,False,True
28,False,False
29,True,False
30,False,False
31,True,True
32,False,False
33,True,False
34,True,True
35,False,True
36,False,False
37,True,True
38,True,True
39,True,False
40,True,True
41,True,True
42,False,True
43,True,False
44,True,False
45,True,True
46,False,True
47,False,True
48,False,True
49,False,False
