12,True,True
13,True,True
14,True,False
15,False,False
16,False,True
17,True,True
0,False,False
1,False,True
18,False,True
19,True,False
2,False,True
3,False,True
4,False,False
5,False,False
6,False,False
7,False,False
8,True,True
9,True,True
10,False,False
11,False,False
24,False,False
25,True,False
20,False,False
21,False,False
22,False,True
23,True,True
26,False,False
27,False,True
28,True,True
29,True,True
30,True,True
31,False,True
32,False,False
33,False,False
34,True,False
35,False,False
36,True,True
37,False,False
38,False,False
39,False,False
40,True,True
41,False,True
42,True,False
43,False,False
44,True,True
45,False,False
46,False,True
47,False,False
48,False,True
49,True,False
