12,True,True
13,False,True
14,True,False
15,False,False
16,True,True
17,False,False
0,False,False
1,True,True
18,True,True
19,True,False
2,True,False
3,True,False
4,True,False
5,False,False
6,True,True
7,True,True
8,False,False
9,False,False
10,True,True
11,True,True
24,True,True
25,True,False
20,False,False
21,True,False
22,True,True
23,False,True
26,True,False
27,False,False
28,True,False
29,True,False
30,True,False
31,False,False
32,True,False
33,False,False
34,True,True
35,True,True
36,True,False
37,False,True
38,False,True
39,False,True
40,True,True
41,False,False
42,False,True
43,True,False
44,True,True
45,True,False
46,False,False
47,False,True
48,True,True
49,False,True
