12,True,True
13,True,True
14,False,False
15,False,True
16,True,True
17,False,False
0,True,True
1,False,False
18,True,True
19,False,True
2,False,False
3,False,True
4,False,False
5,False,False
6,True,False
7,True,True
8,True,True
9,True,False
10,False,True
11,False,False
24,False,False
25,True,True
20,False,True
21,True,False
22,False,True
23,True,True
26,False,True
27,True,False
28,False,True
29,False,False
30,True,False
31,False,False
32,True,False
33,False,True
34,True,True
35,True,False
36,False,True
37,False,False
38,True,False
39,True,False
40,False,False
41,True,True
42,True,False
43,False,False
44,False,False
45,False,False
46,False,True
47,False,False
48,True,False
49,True,True
