12,True,True
13,True,True
14,False,False
15,False,False
16,True,True
17,True,True
0,True,True
1,True,True
18,True,True
19,True,True
2,True,True
3,True,True
4,True,True
5,False,False
6,True,True
7,True,True
8,False,False
9,False,True
10,True,True
11,True,False
24,False,False
25,True,True
20,True,True
21,True,True
22,True,True
23,False,False
26,True,True
27,True,True
28,True,False
29,False,False
30,True,True
31,False,True
32,True,True
33,False,True
34,False,False
35,False,False
36,False,False
37,True,True
38,False,True
39,True,True
40,False,True
41,True,True
42,False,False
43,False,False
44,False,True
45,True,True
46,False,False
47,False,False
48,True,True
49,False,True
