12,True,True
13,False,True
14,False,False
15,False,False
16,False,True
17,True,False
0,False,False
1,True,True
18,False,True
19,True,True
2,True,True
3,True,False
4,False,False
5,False,False
6,False,False
7,True,False
8,True,True
9,True,True
10,True,False
11,False,False
24,False,True
25,True,False
20,False,False
21,False,False
22,True,True
23,True,True
26,False,False
27,False,False
28,True,False
29,True,True
30,True,True
31,False,True
32,False,False
33,False,False
34,True,True
35,False,False
36,False,True
37,False,False
38,False,True
39,False,True
40,True,False
41,False,True
42,False,True
43,False,False
44,False,False
45,True,False
46,False,True
47,False,True
48,False,True
49,False,False
