12,False,False
13,False,False
14,True,True
15,True,True
16,False,False
17,True,True
0,False,False
1,True,True
18,False,False
19,True,True
2,True,True
3,True,True
4,True,True
5,False,False
6,False,False
7,False,False
8,False,False
9,False,False
10,True,True
11,True,True
24,True,True
25,False,True
20,True,False
21,True,False
22,False,True
23,False,True
26,True,False
27,True,False
28,True,False
29,False,True
30,False,True
31,False,True
32,True,False
33,False,True
34,True,False
35,True,False
36,True,False
37,False,True
38,False,True
39,False,True
40,True,True
41,False,False
42,False,False
43,True,True
44,False,False
45,True,True
46,False,False
47,False,True
48,True,True
49,False,False
