12,True,True
13,True,False
14,False,False
15,False,True
16,True,True
17,False,False
0,True,True
1,False,False
18,True,True
19,False,False
2,False,False
3,False,True
4,False,False
5,False,False
6,True,True
7,True,False
8,True,False
9,True,True
10,False,False
11,False,False
24,False,True
25,True,False
20,True,False
21,True,False
22,True,False
23,False,False
26,True,False
27,False,True
28,True,True
29,True,False
30,True,False
31,True,False
32,True,False
33,False,True
34,False,True
35,False,False
36,False,True
37,True,False
38,False,False
39,True,False
40,False,False
41,True,True
42,True,True
43,False,False
44,False,True
45,False,True
46,False,True
47,False,True
48,True,False
49,True,True
