12,True,False
13,True,False
14,False,True
15,False,True
16,True,True
17,False,True
0,True,True
1,False,False
18,True,True
19,False,False
2,False,False
3,False,True
4,False,False
5,False,False
6,True,False
7,True,True
8,True,True
9,True,True
10,False,True
11,False,False
24,False,False
25,True,False
20,False,False
21,True,True
22,True,False
23,True,False
26,False,True
27,False,True
28,False,True
29,False,False
30,True,False
31,True,False
32,True,False
33,True,True
34,False,True
35,False,True
36,False,True
37,True,False
38,True,False
39,True,True
40,False,False
41,True,False
42,True,True
43,False,True
44,False,True
45,False,False
46,False,True
47,False,False
48,True,False
49,True,True
