12,True,False
13,True,True
14,False,False
15,False,True
16,False,True
17,True,True
0,True,True
1,False,False
18,True,True
19,False,True
2,False,True
3,False,True
4,False,False
5,False,False
6,True,False
7,True,True
8,False,False
9,True,True
10,True,False
11,False,False
24,True,True
25,False,True
20,True,True
21,False,True
22,True,True
23,True,True
26,False,True
27,False,True
28,False,False
29,True,False
30,True,True
31,True,True
32,False,False
33,False,True
34,True,False
35,True,False
36,True,True
37,True,False
38,False,True
39,False,False
40,True,True
41,True,True
42,True,False
43,False,False
44,True,True
45,False,True
46,False,False
47,False,False
48,False,False
49,False,False
