12,True,True
13,True,True
14,False,False
15,True,False
16,False,True
17,True,False
0,True,True
1,False,False
18,True,True
19,True,False
2,False,False
3,True,False
4,False,False
5,False,True
6,True,True
7,True,True
8,True,True
9,True,True
10,True,False
11,False,False
24,False,False
25,True,True
20,False,True
21,False,True
22,True,True
23,True,False
26,True,True
27,False,True
28,True,True
29,True,False
30,False,False
31,False,False
32,True,True
33,False,False
34,True,True
35,True,True
36,False,True
37,False,False
38,False,False
39,False,False
40,True,False
41,True,True
42,False,True
43,False,False
44,True,True
45,True,False
46,False,False
47,False,False
48,False,False
49,True,True
