12,True,True
13,True,True
14,False,False
15,False,True
16,False,False
17,False,True
0,True,True
1,False,True
18,True,True
19,False,False
2,False,False
3,False,False
4,False,False
5,True,False
6,True,True
7,True,True
8,True,False
9,True,False
10,False,True
11,False,True
24,False,False
25,True,True
20,True,True
21,True,True
22,False,False
23,False,True
26,True,True
27,True,True
28,False,True
29,True,False
30,True,False
31,True,True
32,True,False
33,False,False
34,True,True
35,True,True
36,True,True
37,False,False
38,False,False
39,False,False
40,False,True
41,False,False
42,True,True
43,False,False
44,True,True
45,False,False
46,False,True
47,False,True
48,True,True
49,True,True
