12,True,True
13,False,False
14,False,True
15,False,False
16,False,True
17,True,True
0,False,False
1,False,True
18,False,False
19,True,True
2,True,True
3,False,True
4,False,True
5,True,False
6,False,True
7,True,False
8,False,False
9,True,False
10,True,True
11,False,True
24,False,True
25,False,False
20,False,False
21,False,False
22,False,True
23,True,True
26,False,False
27,False,True
28,True,False
29,True,False
30,False,True
31,False,True
32,True,False
33,True,True
34,True,True
35,True,True
36,True,False
37,False,True
38,False,True
39,False,False
40,True,True
41,False,False
42,True,False
43,False,True
44,True,False
45,True,True
46,False,False
47,False,True
48,False,True
49,False,False
