12,True,False
13,True,False
14,False,True
15,False,False
16,True,True
17,False,False
0,True,True
1,False,False
18,True,True
19,False,False
2,False,False
3,False,False
4,False,False
5,False,False
6,True,True
7,True,True
8,True,True
9,True,True
10,False,False
11,False,True
24,False,True
25,True,True
20,False,True
21,True,False
22,False,True
23,False,False
26,False,True
27,False,True
28,False,True
29,False,False
30,True,False
31,False,True
32,True,False
33,True,False
34,False,False
35,False,True
36,False,True
37,True,False
38,False,True
39,True,False
40,False,False
41,True,True
42,True,True
43,False,True
44,False,True
45,False,True
46,False,True
47,False,False
48,True,False
49,True,False
