708,522,True,False,True,False,True,False,True,False,True,False
318,100,True,False,True,False,True,False,True,False,True,False
578,486,True,False,True,False,True,False,True,False,True,False
696,498,False,True,False,True,False,True,False,True,False,True
400,148,True,False,True,False,True,False,True,False,True,False
732,914,False,True,False,True,False,True,False,True,False,True
744,918,False,True,False,True,False,True,False,True,False,True
944,924,True,False,True,False,True,False,True,False,True,False
978,932,False,True,False,True,False,True,False,True,False,True
982,940,True,False,True,False,True,False,True,False,True,False
986,1018,True,False,True,False,True,False,True,False,True,False
1020,1246,True,False,True,False,True,False,True,False,True,False
984,968,True,False,True,False,True,False,True,False,True,False
1108,1518,False,True,False,True,False,True,False,True,False,True
1160,1536,False,True,False,True,False,True,False,True,False,True
2032,2258,True,False,True,False,True,False,True,False,True,False
1356,1994,True,False,True,False,True,False,True,False,True,False
1272,1642,False,True,False,True,False,True,False,True,False,True
1354,1732,False,True,False,True,False,True,False,True,False,True
2034,2354,True,False,True,False,True,False,True,False,True,False
2744,2692,True,False,True,False,True,False,True,False,True,False
2148,2542,False,True,False,True,False,True,False,True,False,True
2790,2698,False,True,False,True,False,True,False,True,False,True
2140,2500,False,False,False,True,False,True,True,True,True,True
2964,2706,True,False,True,False,True,False,True,False,True,False
3108,2820,False,True,False,False,False,False,True,False,True,False
3802,3482,True,False,True,False,True,False,True,False,True,False
2966,2712,False,True,False,True,False,True,False,True,False,True
3906,3676,False,True,False,True,False,True,False,True,False,True
3712,3236,True,False,True,False,True,False,True,False,True,False
4094,3800,False,True,False,True,False,True,False,True,False,True
3972,3778,False,True,False,True,False,True,False,True,False,True
4152,4102,True,False,True,False,True,False,True,False,True,False
4242,4374,True,False,True,False,True,False,True,False,True,False
3982,3794,True,False,True,False,True,False,True,False,True,False
4388,4386,False,False,True,True,True,True,True,True,True,True
5804,4884,False,True,False,True,False,True,False,True,False,True
5988,5098,False,True,False,True,False,True,False,True,False,True
5538,4422,False,True,False,True,False,True,False,True,False,True
5654,4510,True,False,True,False,True,False,True,False,True,False
6056,5252,True,True,False,True,False,True,False,True,False,True
6174,5320,False,True,False,True,False,True,False,True,False,True
6206,5564,False,True,False,True,False,True,False,True,False,True
6186,5540,True,False,True,False,True,False,True,False,True,False
6158,5286,False,True,False,True,False,True,False,True,False,True
6746,5788,True,False,True,False,True,False,True,False,True,False
7822,6062,False,True,False,True,False,True,False,True,False,True
8034,6306,True,False,True,False,True,False,True,False,True,False
6664,5572,False,True,False,True,False,True,False,True,False,True
7188,5856,False,True,False,True,False,True,False,True,False,True
8398,6950,False,True,False,True,False,True,False,True,False,True
8184,6756,False,True,False,True,False,True,False,True,False,True
8168,6632,False,True,False,True,False,True,False,False,False,False
8276,6882,False,True,False,True,False,True,False,True,False,True
8046,6340,False,True,False,True,False,True,False,True,False,True
8458,7132,True,False,True,False,True,False,True,False,True,False
8556,7584,True,False,True,False,True,False,True,False,True,False
8864,7596,True,False,True,False,True,False,True,False,True,False
8464,7138,True,False,True,False,True,False,True,False,True,False
9006,7602,True,False,True,False,True,False,True,False,True,False
9446,7908,False,True,False,True,False,True,False,True,False,True
9640,8174,True,False,True,False,True,False,True,False,True,False
9736,8436,True,False,True,False,True,False,True,False,True,False
9518,7914,True,False,True,False,True,False,True,False,True,False
9862,8450,True,False,True,False,True,False,True,False,True,False
9914,8838,False,True,False,True,False,True,False,True,False,True
10010,9216,False,True,False,True,False,True,False,True,False,True
9930,8894,True,False,True,False,True,False,True,False,True,False
9882,8632,True,False,True,False,True,False,True,False,True,False
9982,9152,True,False,True,False,True,False,True,False,True,False
10996,11098,True,False,True,False,True,False,True,False,True,False
10914,10816,True,False,True,False,True,False,True,False,True,False
10240,10012,True,False,True,False,True,False,True,False,True,False
10646,10052,False,True,False,True,False,True,False,True,False,True
10164,9804,True,False,True,False,True,False,True,False,True,False
11268,11114,False,True,False,True,False,True,False,True,False,True
11708,12390,False,True,False,True,False,True,False,True,False,True
11642,11546,False,True,False,True,False,True,False,True,False,True
11700,11730,True,False,True,False,True,False,True,False,True,False
11630,11270,True,False,True,False,True,False,True,False,True,False
12194,12548,False,True,False,True,False,True,False,True,False,True
11718,12476,True,False,True,False,True,False,True,False,True,False
13366,12616,False,True,False,True,False,True,False,True,False,True
13260,12612,True,False,True,False,True,False,True,False,True,False
12898,12610,False,True,False,True,False,True,False,True,False,True
14222,12886,False,True,False,True,False,True,False,True,False,True
13634,12618,True,False,True,False,True,False,True,False,True,False
14152,12704,True,False,True,False,True,False,True,False,True,False
14388,12888,False,True,False,True,False,True,False,True,False,True
14406,13140,False,True,False,True,False,True,False,True,False,True
14944,13500,False,True,True,True,True,True,True,True,True,True
15444,13686,True,False,False,False,False,False,True,False,True,False
14530,13220,False,True,False,True,False,True,False,True,False,True
15296,13684,True,False,True,False,True,False,True,False,True,False
15468,13792,True,True,True,False,True,False,True,False,True,False
15494,13978,True,False,True,False,True,False,True,False,True,False
15624,14112,False,True,False,True,False,True,False,True,False,True
15688,14124,True,False,True,False,True,False,True,False,True,False
15956,14254,True,False,True,False,True,False,True,False,True,False
15502,14096,False,True,False,True,False,True,False,True,False,True
16444,14404,False,False,True,False,True,False,True,False,True,False
16332,14362,True,False,True,False,True,False,True,False,True,False
16522,14698,False,True,False,True,False,True,False,True,False,True
16470,14586,True,False,True,False,True,False,True,False,True,False
16446,14448,True,False,True,False,True,False,True,False,True,False
17130,15110,False,True,False,True,False,True,False,True,False,True
16600,14772,True,False,True,False,True,False,True,False,True,False
16862,15026,True,False,True,False,True,False,True,False,True,False
16836,14912,False,True,False,True,False,True,False,True,False,True
17070,15066,False,True,False,True,False,True,False,True,False,True
17324,15192,False,True,False,True,False,True,False,True,False,True
17472,15524,False,True,False,True,False,True,False,True,False,True
17604,15582,False,True,False,True,False,True,False,True,False,True
17478,15538,True,False,True,False,True,False,True,False,True,False
17616,15604,False,True,False,True,False,True,False,True,False,True
17856,15610,True,False,True,False,True,False,True,False,True,False
18248,16174,True,False,True,False,True,False,True,False,True,False
17922,16092,True,False,True,False,True,False,True,False,True,False
17878,16074,False,True,False,True,False,True,False,True,False,True
17666,15606,True,False,True,False,True,False,True,False,True,False
19456,16350,False,False,True,False,True,False,True,False,True,False
18438,16344,True,False,True,False,True,False,True,False,True,False
19750,16530,True,False,True,False,True,False,True,False,True,False
19818,16540,False,True,False,True,False,True,False,True,False,True
18818,16348,True,False,True,False,True,False,True,False,True,False
19914,16816,True,False,True,False,True,False,True,False,True,False
19916,17024,False,True,False,True,False,True,False,True,False,True
20084,17152,True,False,True,False,True,False,True,False,True,False
19904,16610,False,True,False,True,False,True,False,True,False,True
19984,17028,False,True,False,True,False,True,False,True,False,True
20962,17294,True,False,True,False,True,False,True,False,True,False
20798,17254,False,True,False,True,False,True,False,True,False,True
20512,17158,False,True,False,True,False,True,False,True,False,True
20964,17608,False,True,False,True,False,True,False,True,False,True
20970,17630,False,True,False,True,False,True,False,True,False,True
21000,17746,True,False,True,False,True,False,True,False,True,False
21672,17782,True,False,True,False,True,False,True,False,True,False
20982,17728,True,False,True,False,True,False,True,False,True,False
22058,18168,False,True,False,True,False,True,False,True,False,True
20976,17690,False,True,False,True,False,True,False,True,False,True
22664,18586,False,True,False,True,False,True,False,True,False,True
22364,18364,True,False,True,False,True,False,True,False,True,False
23262,18816,True,True,True,False,True,False,True,True,True,True
22658,18532,True,False,True,False,True,False,True,False,True,False
23192,18806,False,True,False,True,False,True,False,True,False,True
23408,18854,True,False,True,False,True,False,True,False,True,False
23868,20312,True,False,True,False,True,False,True,False,True,False
23606,19728,True,False,True,False,True,False,True,False,True,False
23772,20196,True,False,True,False,True,False,True,False,True,False
23850,20248,False,True,False,True,False,True,False,True,False,True
24258,20788,False,True,False,True,False,True,False,True,False,True
24546,21428,False,True,False,True,False,True,False,True,False,True
23972,20718,False,True,False,True,False,True,False,True,False,True
24230,20720,True,True,True,False,True,False,True,False,True,False
24396,21352,True,False,True,False,True,False,True,False,True,False
24830,21546,False,True,False,True,False,True,False,True,False,True
25596,21588,True,False,True,False,True,False,True,False,True,False
25730,21636,False,True,False,True,False,True,False,True,False,True
25856,21716,False,True,False,True,False,True,False,True,False,True
25984,21996,False,True,False,True,False,True,False,True,False,True
26752,22440,False,True,False,True,False,True,False,True,False,True
26552,22030,True,False,True,False,True,False,True,False,True,False
26228,22014,False,True,False,True,False,True,False,True,False,True
26672,22124,False,True,False,True,False,True,False,True,False,True
26904,22450,False,True,False,True,False,True,False,True,False,True
27008,22462,True,False,True,True,True,True,True,True,True,True
28144,22692,False,True,False,True,False,True,False,True,False,True
28436,22822,True,False,True,False,True,False,True,False,True,False
27962,22582,True,True,True,False,True,False,True,False,True,False
27966,22590,False,True,False,True,False,True,False,True,False,True
29134,22864,True,False,True,False,True,False,True,False,True,False
29136,22888,False,True,False,True,False,True,False,True,False,True
29182,22898,True,False,True,False,True,False,True,False,True,False
29808,22916,False,True,False,True,False,True,False,True,False,True
28754,22850,False,True,False,True,False,True,False,True,False,True
30352,22992,True,False,True,False,True,False,True,False,True,False
29916,22924,True,False,True,False,True,False,True,False,True,False
30480,23240,True,False,True,False,True,False,True,False,True,False
30228,22930,True,False,True,False,True,False,True,False,True,False
30598,23244,False,False,False,True,False,True,False,True,False,True
30746,23282,True,False,True,False,True,False,True,False,True,False
31336,23296,False,True,False,True,False,True,False,True,False,True
31530,23516,False,True,False,True,False,True,False,True,False,True
31508,23422,False,True,False,True,False,True,False,True,False,True
31382,23352,True,False,True,False,True,False,True,False,True,False
31786,24016,False,True,False,True,False,True,False,True,False,True
32186,24422,False,True,False,True,False,True,False,True,False,True
31594,23968,False,True,False,True,False,True,False,True,False,True
31974,24030,True,False,True,False,True,False,True,False,True,False
31578,23580,True,False,True,False,True,False,True,False,True,False
32278,24658,True,False,True,False,True,False,True,False,True,False
32354,24868,True,False,True,False,True,False,True,False,True,False
32432,24988,True,False,True,False,True,False,True,False,True,False
32484,25120,True,False,True,False,True,False,True,False,True,False
32274,24616,True,False,True,False,True,False,True,False,True,False
33056,25762,False,True,False,True,False,True,False,True,False,True
33506,26080,True,False,True,False,True,False,True,False,True,False
33562,26222,True,False,True,False,True,False,True,False,True,False
34104,26264,False,True,False,True,False,True,False,True,False,True
33734,26236,False,True,False,True,False,True,False,True,False,True
34776,26678,True,False,True,False,True,False,True,False,True,False
34332,26528,False,True,False,True,False,True,False,True,False,True
35022,26822,False,True,False,True,False,True,False,True,False,True
34274,26320,True,False,True,False,True,False,True,False,True,False
34772,26540,False,True,False,True,False,True,False,True,False,True
35696,27372,False,True,False,True,False,True,False,True,False,True
35890,27608,True,False,True,False,True,False,True,False,True,False
35214,27216,True,False,True,False,True,False,True,False,True,False
35528,27280,False,True,False,True,False,True,False,True,False,True
35210,26984,True,False,True,False,True,False,True,False,True,False
36418,28146,False,True,False,True,False,True,False,True,False,True
36116,27880,False,True,False,True,False,True,False,True,False,True
36282,28038,False,True,False,True,False,True,False,True,False,True
36008,27862,True,False,True,False,True,False,True,False,True,False
36634,28346,False,True,False,True,False,True,False,True,False,True
36876,29240,True,False,True,False,True,False,True,False,True,False
36898,29242,True,False,True,False,True,False,True,False,True,False
36660,28366,True,False,True,False,True,False,True,False,True,False
36732,28368,False,True,False,True,False,True,False,True,False,True
37008,29330,True,False,True,False,True,False,True,False,True,False
37758,30078,False,True,False,True,False,True,False,True,False,True
37392,29874,False,True,False,True,False,True,False,True,False,True
37194,29512,False,True,False,True,False,True,False,True,False,True
37384,29668,True,True,False,True,False,True,False,True,False,True
37624,30076,False,True,False,True,False,True,False,True,False,True
38002,30176,False,True,False,True,False,True,False,True,False,True
38142,30268,True,False,True,False,True,False,True,False,True,False
38206,30326,False,True,False,True,False,True,False,True,False,True
38274,30686,True,False,True,False,True,False,True,False,True,False
37830,30172,True,False,True,False,True,False,True,False,True,False
38276,30732,True,False,True,False,True,False,True,False,True,False
38446,30744,False,True,False,True,False,True,False,True,False,True
38694,31130,True,False,True,False,True,False,True,False,True,False
38970,31168,False,True,False,True,False,True,False,True,False,True
39134,31174,False,True,False,True,False,True,False,True,False,True
40056,31266,True,False,True,False,True,False,True,False,True,False
39890,31220,True,True,True,True,True,True,True,True,True,True
40802,31602,False,True,False,True,False,True,False,True,False,True
40096,31342,True,False,True,False,True,False,True,False,True,False
41040,31606,True,False,True,False,True,False,True,False,True,False
41510,32362,True,False,True,False,True,False,True,False,True,False
42274,32374,False,True,False,True,False,True,False,True,False,True
41502,32078,True,False,True,False,True,False,True,False,True,False
41506,32352,False,False,False,True,False,True,False,True,False,True
41386,31984,True,False,True,False,True,False,True,False,True,False
43094,32840,True,False,True,False,True,False,True,False,True,False
44106,33254,False,True,False,True,False,True,False,True,False,True
42772,32778,False,True,False,True,False,True,False,True,False,True
43618,32998,True,False,True,False,True,False,True,False,True,False
43896,33206,True,False,True,False,True,False,True,False,True,False
44486,33284,True,True,False,True,False,True,False,True,False,True
44522,33326,False,True,False,True,False,True,False,True,False,True
44580,33574,False,True,False,True,False,True,False,True,False,True
44210,33276,False,True,False,True,False,True,False,True,False,True
44538,33366,False,True,False,True,False,True,False,True,False,True
44584,33704,False,True,False,True,False,True,False,True,False,True
44734,34156,False,True,False,True,False,True,False,True,False,True
44710,34020,False,True,False,True,False,True,False,True,False,True
44602,33926,False,True,False,True,False,True,False,True,False,True
44604,33936,False,True,False,True,False,True,False,True,False,True
45616,34614,True,False,True,False,True,False,True,False,True,False
45566,34540,False,True,False,True,False,True,False,True,False,True
45134,34286,False,True,False,True,False,True,False,True,False,True
45192,34420,True,False,True,False,True,False,True,False,True,False
44828,34260,False,True,False,True,False,True,False,True,False,True
46508,34624,True,False,True,False,True,False,True,False,True,False
46926,34706,True,False,True,False,True,False,True,False,True,False
46620,34630,True,False,True,False,True,False,True,False,True,False
47022,34994,False,True,False,True,False,True,False,True,False,True
46996,34768,True,False,True,False,True,False,True,False,True,False
47314,35240,False,True,False,True,False,True,False,True,False,True
47474,35760,False,True,False,True,False,True,False,True,False,True
47352,35716,False,True,False,True,False,True,False,True,False,True
47640,35774,False,True,False,True,False,True,False,True,False,True
47646,35902,True,False,True,False,True,False,True,False,True,False
47764,36598,False,True,False,True,False,True,False,True,False,True
47658,36040,False,True,False,True,False,True,False,True,False,True
47724,36434,False,False,True,False,True,False,True,False,True,False
47714,36312,False,True,False,True,False,True,False,True,False,True
47650,35908,True,False,True,False,True,False,True,False,True,False
48190,36852,True,False,True,False,True,False,True,False,True,False
48282,36862,True,False,True,False,True,False,True,False,True,False
48102,36666,False,True,False,True,False,True,False,True,False,True
48548,36920,False,True,False,True,False,True,False,True,False,True
47808,36662,False,True,False,True,False,True,False,True,False,True
49110,36992,False,True,False,True,False,True,False,True,False,True
48616,36932,False,True,False,True,False,True,False,True,False,True
49424,37180,False,True,False,True,False,True,False,True,False,True
49526,37212,False,True,False,True,False,True,False,True,False,True
49194,37116,False,True,False,True,False,True,False,True,False,True
49722,37312,False,True,False,True,False,True,False,True,False,True
49856,37738,False,True,False,True,False,True,False,True,False,True
49898,37782,False,True,False,True,False,True,False,True,False,True
50448,37814,False,True,False,True,False,True,False,True,False,True
49908,37812,False,True,False,True,False,True,False,True,False,True
50954,38022,True,False,True,False,True,False,True,False,True,False
50928,37962,True,False,True,False,True,False,True,False,True,False
50956,38110,True,False,True,False,True,False,True,False,True,False
50658,37834,False,True,False,True,False,True,False,True,False,True
50922,37958,False,True,False,True,False,True,False,True,False,True
50960,38112,True,False,True,False,True,False,True,False,True,False
50964,38116,True,False,True,True,True,True,True,True,True,True
50974,38120,True,False,True,False,True,False,True,False,True,False
51754,38130,False,True,False,True,False,True,False,True,False,True
51138,38124,False,True,False,True,False,True,False,True,False,True
52396,38316,False,True,False,True,False,True,False,True,False,True
52224,38268,False,True,False,True,False,True,False,True,False,True
52014,38136,False,True,False,True,False,True,False,True,False,True
52614,38506,True,False,True,False,True,False,True,False,True,False
52496,38412,True,False,True,False,True,False,True,False,True,False
53350,38786,False,True,False,True,False,True,False,True,False,True
53560,38836,False,True,False,True,False,True,False,True,False,True
53676,39264,False,True,False,True,False,True,False,True,False,True
53330,38538,True,False,True,False,True,False,True,False,True,False
53680,39354,False,True,False,True,False,True,False,True,False,True
55022,39820,True,False,True,False,True,False,True,False,True,False
53946,39482,True,False,True,False,True,False,True,False,True,False
53906,39380,True,False,True,False,True,False,True,False,True,False
54724,39696,False,True,False,True,False,True,False,True,False,True
55056,40174,False,True,False,True,False,True,False,True,False,True
55398,40590,False,False,True,False,True,False,True,False,True,False
55172,40212,False,True,False,True,False,True,False,True,False,True
55480,40898,True,False,True,False,True,False,True,False,True,False
55358,40242,False,True,False,True,False,True,False,True,False,True
55464,40600,False,True,False,True,False,True,False,True,False,True
56062,41532,True,True,False,True,False,True,False,True,False,True
55492,41060,False,True,False,True,False,True,False,True,False,True
55514,41404,False,True,False,True,False,True,False,True,False,True
55520,41420,False,True,False,True,False,True,False,True,False,True
56032,41482,True,False,True,False,True,False,True,False,True,False
56160,41906,True,True,False,True,False,True,False,True,False,True
56280,42698,False,True,False,True,False,True,False,True,False,True
56206,41958,False,True,False,True,False,True,False,True,False,True
56144,41534,False,True,False,True,False,True,False,True,False,True
56208,42476,False,True,False,True,False,True,False,True,False,True
56466,42748,True,False,True,False,True,False,True,False,True,False
56772,42814,False,True,False,True,False,True,False,True,False,True
56784,42816,True,False,True,False,True,False,True,False,True,False
56936,42874,False,True,False,True,False,True,False,True,False,True
56526,42764,True,False,True,False,True,False,True,False,True,False
57782,43704,True,False,True,False,True,False,True,False,True,False
58174,43914,True,False,True,False,True,False,True,False,True,False
57466,43476,False,True,False,True,False,True,False,True,False,True
57044,43020,True,False,True,False,True,False,True,False,True,False
57748,43620,False,True,False,True,False,True,False,True,False,True
58402,44258,False,True,True,False,True,False,True,False,True,False
58390,44212,True,True,True,False,True,False,True,False,True,False
58222,44000,False,True,False,True,False,True,False,True,False,True
58660,44272,False,True,False,True,False,True,False,True,False,True
58910,44418,False,True,False,True,False,True,False,True,False,True
59434,45050,False,True,False,True,False,True,False,True,False,True
59208,45028,True,False,True,False,True,False,True,False,True,False
59196,44936,False,True,False,True,False,True,False,True,False,True
59620,45068,True,False,True,False,True,False,True,False,True,False
59350,45046,True,False,True,False,True,False,True,False,True,False
59642,45080,True,False,True,False,True,False,True,False,True,False
59704,45202,False,True,False,True,False,True,False,True,False,True
